id,pid_total,penalty_bind,penalty_top50,gaps_bind,interface_size,bsa,sasa,res_type_0_pct,res_type_1_pct,res_type_2_pct,res_type_3_pct,res_type_4_pct,res_type_5_pct,res_type_6_pct,res_type_7_pct,res_type_8_pct,res_type_9_pct,res_type_10_pct,res_type_11_pct,res_type_12_pct,res_type_13_pct,res_type_14_pct,res_type_15_pct,res_type_16_pct,res_type_17_pct,res_type_18_pct,res_type_19_pct,polarity_0_pct,polarity_1_pct,polarity_2_pct,polarity_3_pct,res_size_sum,res_mass_sum,res_charge_sum,hb_acceptors_sum,hb_donors_sum,irc_negative_negative_sum,irc_negative_positive_sum,irc_nonpolar_negative_sum,irc_nonpolar_nonpolar_sum,irc_nonpolar_polar_sum,irc_nonpolar_positive_sum,irc_polar_negative_sum,irc_polar_polar_sum,irc_polar_positive_sum,irc_positive_positive_sum,irc_total_sum,res_charge_positive_sum,res_charge_negative_sum,res_pI_mean,hb_donor_acceptor_ratio,salt_bridges,electrostatic_inter_sum,vanderwaals_inter_sum,Unnamed: 0,UniProtID,pIspG,length,aa_A,aa_C,aa_D,aa_E,aa_F,aa_G,aa_H,aa_I,aa_K,aa_L,aa_M,aa_N,aa_P,aa_Q,aa_R,aa_S,aa_T,aa_V,aa_W,aa_Y,charged_aa,hydrophobic_aa,cysteine_content,histidine_content,molecular_weight,isoelectric_point,aromaticity,instability_index,organism,GO:0005506,GO:0005829,GO:0009055,GO:0016114,GO:0019288,GO:0046429,GO:0046872,GO:0051539,GO:0141197,RMSE,binding_site_opening
CCQ91393.1,0.6294,4000000037.0312,14.9883,21,182,2242.37,5943.8,0.0604395604395604,0.0329670329670329,0.1098901098901098,0.0824175824175824,0.0549450549450549,0.0824175824175824,0.0274725274725274,0.0494505494505494,0.0714285714285714,0.0439560439560439,0.0164835164835164,0.0384615384615384,0.0439560439560439,0.0329670329670329,0.0274725274725274,0.0439560439560439,0.0659340659340659,0.0549450549450549,0.0219780219780219,0.0384615384615384,0.4285714285714285,0.2527472527472527,0.1923076923076923,0.1263736263736263,718,20551.7,-12.0,218,126,14,34,32,0,24,12,24,6,26,8,180,23.0,-35.0,5.71,0.5779816513761468,0.1888888888888888,13551.92,28024.48,41,M1Z076,-,387,7.751937984496124,1.8087855297157625,8.010335917312661,8.2687338501292,2.3255813953488373,7.493540051679587,1.550387596899225,8.785529715762273,7.493540051679587,7.493540051679587,2.0671834625323,3.617571059431525,4.651162790697675,2.0671834625323,6.2015503875969,5.426356589147287,4.651162790697675,7.235142118863049,0.516795865633075,2.5839793281653747,29.97416020671835,31.26614987080104,1.8087855297157625,1.550387596899225,42816.4049,5.34294490814209,0.0542635658914728,43.1343669250646,Nitrospina gracilis 3/211,1,0,0,1,1,1,0,1,1,2.2586796283721924,10.578209992711606
WP_002810560.1,0.6307,4000000037.9652,12.1096,21,169,2171.28,5673.15,0.0710059171597633,0.0355029585798816,0.1005917159763313,0.0769230769230769,0.0473372781065088,0.0710059171597633,0.0414201183431952,0.0473372781065088,0.059171597633136,0.0414201183431952,0.0059171597633136,0.0414201183431952,0.0473372781065088,0.029585798816568,0.0473372781065088,0.0414201183431952,0.0650887573964497,0.0473372781065088,0.0236686390532544,0.059171597633136,0.4023668639053254,0.272189349112426,0.1775147928994082,0.1479289940828402,693,19398.1,-5.0,197,133,10,36,20,0,6,14,32,10,34,0,162,25.0,-30.0,5.83,0.6751269035532995,0.2222222222222222,12341.17,317.44,55,Q3JAC5,-,381,8.923884514435695,2.099737532808399,7.349081364829396,6.824146981627297,1.837270341207349,7.086614173228346,2.099737532808399,7.874015748031496,4.986876640419948,8.398950131233596,1.574803149606299,3.674540682414698,4.986876640419948,3.4120734908136483,6.824146981627297,5.511811023622047,5.511811023622047,8.136482939632545,0.5249343832020997,2.3622047244094486,25.984251968503933,33.33333333333333,2.099737532808399,2.099737532808399,41780.13310000004,5.507323265075683,0.0472440944881889,32.558267716535426,Nitrosococcus oceani,1,0,0,1,1,1,0,1,1,3.734800338745117,9.417943721356352
EAQ77076.1,0.6478,4000000037.9389,14.1179,21,176,2190.69,5961.04,0.0738636363636363,0.034090909090909,0.1022727272727272,0.096590909090909,0.0511363636363636,0.0795454545454545,0.0284090909090909,0.034090909090909,0.0568181818181818,0.0568181818181818,0.0113636363636363,0.0511363636363636,0.0511363636363636,0.034090909090909,0.0397727272727272,0.0284090909090909,0.0511363636363636,0.0454545454545454,0.0227272727272727,0.0511363636363636,0.4261363636363636,0.25,0.1988636363636363,0.125,712,20089.9,-13.0,212,127,14,34,22,2,10,12,36,10,28,2,170,22.0,-35.0,5.71,0.5990566037735849,0.2,12511.37,175.03,13,A4A2B0,+/-,381,9.711286089238843,2.099737532808399,7.874015748031496,6.561679790026247,1.837270341207349,7.349081364829396,2.099737532808399,7.086614173228346,4.199475065616798,8.398950131233596,1.574803149606299,4.724409448818897,4.724409448818897,3.674540682414698,7.349081364829396,4.461942257217848,4.724409448818897,8.923884514435695,0.5249343832020997,2.099737532808399,25.984251968503933,34.120734908136484,2.099737532808399,2.099737532808399,41709.88390000005,5.324813270568847,0.0446194225721784,28.322047244094485,Blastopirellula marina DSM 3645,1,0,0,1,1,1,0,1,1,1.8469270467758176,8.802506807060501
WP_012911045.1,0.632,4000000038.7584,14.1695,21,364,4181.5,10506.64,0.0741758241758241,0.0164835164835164,0.1071428571428571,0.0604395604395604,0.0302197802197802,0.0741758241758241,0.0302197802197802,0.0631868131868131,0.0576923076923076,0.0714285714285714,0.0109890109890109,0.0302197802197802,0.0494505494505494,0.0329670329670329,0.0521978021978022,0.0549450549450549,0.0549450549450549,0.0851648351648351,0.0137362637362637,0.0302197802197802,0.4725274725274725,0.2197802197802197,0.1675824175824175,0.1401098901098901,1387,40371.0,-10.0,392,271,18,48,60,54,36,30,50,12,20,10,338,51.0,-61.0,5.89,0.6913265306122449,0.1420118343195266,25076.99,212888216.72,31,D2R1R3,-,380,8.68421052631579,2.1052631578947367,7.631578947368421,5.789473684210527,1.5789473684210529,6.578947368421052,2.8947368421052637,6.578947368421052,5.263157894736842,8.157894736842106,2.1052631578947367,4.2105263157894735,4.736842105263158,4.2105263157894735,6.578947368421052,6.052631578947368,5.263157894736842,8.421052631578947,0.5263157894736842,2.631578947368421,25.26315789473684,31.84210526315789,2.1052631578947367,2.8947368421052637,41864.09360000006,6.023307609558105,0.0473684210526315,30.7278947368421,Pirellula staleyi,1,0,0,1,1,1,0,1,1,2.392390251159668,9.358589537096812
EOA62006.1,0.6,1000000040.4111,22.0816,17,217,2712.32,6612.83,0.0737327188940092,0.0368663594470046,0.0875576036866359,0.0737327188940092,0.0460829493087557,0.1152073732718894,0.0138248847926267,0.0599078341013824,0.0552995391705069,0.0599078341013824,0.0138248847926267,0.0506912442396313,0.032258064516129,0.0276497695852534,0.0414746543778801,0.0506912442396313,0.0414746543778801,0.064516129032258,0.0184331797235023,0.0368663594470046,0.4838709677419355,0.2442396313364055,0.1612903225806451,0.1105990783410138,805,23816.7,-11.0,225,150,8,24,36,12,52,14,36,22,24,6,234,24.0,-35.0,5.79,0.6666666666666666,0.1025641025641025,15755.44,2599.01,73,S6G5D3,-,400,8.25,2.0,5.25,6.0,2.25,10.25,1.7500000000000002,6.0,7.000000000000001,8.75,3.0,4.25,3.0,2.5,4.5,7.249999999999999,3.5000000000000004,11.75,0.5,2.25,22.75,34.75,2.0,1.7500000000000002,42806.01110000002,7.563246345520021,0.05,28.390750000000004,Anaplasma phagocytophilum str. CRT38,1,0,0,1,1,1,0,1,0,1.7906582355499268,
AAS82019.1,0.6229,1000000043.4459,0.0,17,212,2606.96,6674.27,0.0754716981132075,0.0235849056603773,0.0849056603773584,0.0896226415094339,0.0518867924528301,0.1132075471698113,0.0330188679245283,0.0613207547169811,0.0518867924528301,0.070754716981132,0.0235849056603773,0.0330188679245283,0.0471698113207547,0.0188679245283018,0.0471698113207547,0.0377358490566037,0.0518867924528301,0.0377358490566037,0.0141509433962264,0.0330188679245283,0.4952830188679245,0.1981132075471698,0.1745283018867924,0.1320754716981132,806,23510.2,-9.0,222,141,14,30,44,8,38,16,20,10,38,6,224,28.0,-37.0,5.83,0.6351351351351351,0.1339285714285714,13089.2,1216135.57,63,Q72H18,-,406,11.330049261083744,0.7389162561576355,3.201970443349754,10.344827586206897,2.2167487684729066,8.620689655172415,2.4630541871921183,3.940886699507389,5.41871921182266,11.083743842364532,2.4630541871921183,1.7241379310344829,6.65024630541872,1.477832512315271,7.881773399014778,3.940886699507389,5.172413793103448,8.866995073891626,0.7389162561576355,1.7241379310344829,26.84729064039409,35.221674876847295,0.7389162561576355,2.4630541871921183,44216.59150000002,6.827465629577637,0.0467980295566502,35.67339901477831,Thermus thermophilus HB27,1,0,0,1,1,1,0,1,1,2.803880453109741,7.344940028602532
WP_011529847.1,0.6088,1000000044.3951,1.542,17,220,2898.05,6109.1,0.0818181818181818,0.0227272727272727,0.0772727272727272,0.0636363636363636,0.0454545454545454,0.1045454545454545,0.0318181818181818,0.059090909090909,0.0409090909090909,0.0545454545454545,0.0272727272727272,0.05,0.05,0.0363636363636363,0.0409090909090909,0.0409090909090909,0.0681818181818181,0.05,0.0136363636363636,0.0409090909090909,0.4863636363636364,0.2590909090909091,0.1409090909090909,0.1136363636363636,825,24247.6,-6.0,226,153,10,26,48,18,52,16,34,36,30,6,276,25.0,-31.0,5.83,0.6769911504424779,0.0942028985507246,15887.33,160305300.91,50,Q1J0H8,-,424,9.669811320754718,0.9433962264150944,4.245283018867925,6.367924528301887,1.4150943396226416,8.49056603773585,2.5943396226415096,4.481132075471698,3.537735849056604,9.433962264150944,3.0660377358490565,3.0660377358490565,6.839622641509433,4.716981132075472,6.367924528301887,5.188679245283019,6.60377358490566,8.962264150943396,1.179245283018868,2.8301886792452837,20.5188679245283,32.54716981132076,0.9433962264150944,2.5943396226415096,46134.273000000016,6.434139823913574,0.0542452830188679,34.32311320754717,Deinococcus geothermalis,1,0,0,1,1,1,0,1,1,1.4186524152755735,10.975673068410176
ABF40425.1,0.6268,1000000041.8986,3.657,17,228,2651.17,6537.72,0.0789473684210526,0.0263157894736842,0.1096491228070175,0.0614035087719298,0.0570175438596491,0.1008771929824561,0.0219298245614035,0.0526315789473684,0.0570175438596491,0.0526315789473684,0.0307017543859649,0.043859649122807,0.0394736842105263,0.0219298245614035,0.0394736842105263,0.0350877192982456,0.0657894736842105,0.0482456140350877,0.0131578947368421,0.043859649122807,0.4736842105263157,0.2368421052631578,0.1710526315789473,0.1184210526315789,869,25353.3,-12.0,247,155,18,22,38,10,60,18,40,28,18,2,254,27.0,-39.0,5.77,0.6275303643724697,0.0866141732283464,16409.4,689455.66,49,Q1IRS5,-,413,9.20096852300242,1.452784503631961,6.5375302663438255,5.569007263922518,1.694915254237288,7.990314769975787,1.452784503631961,6.779661016949152,6.5375302663438255,7.506053268765134,3.389830508474576,4.116222760290557,4.358353510895883,3.87409200968523,5.326876513317192,4.358353510895883,6.053268765133172,10.16949152542373,0.7263922518159807,2.905569007263922,23.97094430992736,33.65617433414044,1.452784503631961,1.452784503631961,45073.423900000016,6.623356819152832,0.0532687651331719,27.518159806295397,Candidatus Koribacter versatilis Ellin345,1,0,0,1,1,1,0,1,1,1.2570940256118774,10.943602868587712
AAU91397.1,0.6178,1000000042.5088,2.2717,17,186,2139.37,6025.3,0.064516129032258,0.032258064516129,0.1021505376344086,0.086021505376344,0.064516129032258,0.1129032258064516,0.0161290322580645,0.0376344086021505,0.043010752688172,0.0483870967741935,0.010752688172043,0.0483870967741935,0.0483870967741935,0.0376344086021505,0.032258064516129,0.043010752688172,0.0698924731182795,0.0483870967741935,0.0161290322580645,0.0376344086021505,0.4516129032258064,0.2688172043010752,0.1881720430107527,0.0913978494623656,702,20539.6,-18.0,224,120,2,28,30,0,36,10,28,10,18,2,164,17.0,-35.0,5.62,0.5357142857142857,0.1707317073170731,10376.59,180.41,60,Q604Q5,+,407,8.5995085995086,1.9656019656019657,4.422604422604422,7.616707616707617,2.211302211302211,9.582309582309582,1.9656019656019657,5.651105651105651,3.6855036855036856,8.353808353808354,2.9484029484029484,3.194103194103194,4.914004914004914,4.668304668304668,7.862407862407863,5.896805896805897,4.914004914004914,9.336609336609335,0.4914004914004914,1.71990171990172,23.587223587223587,31.941031941031937,1.9656019656019657,1.9656019656019657,44250.16960000006,6.482964515686036,0.0442260442260442,44.54938574938574,Methylococcus capsulatus str. Bath,1,0,0,1,1,1,0,1,1,1.490999460220337,10.920831901231866
ADC62931.1,0.6229,1000000041.5269,2.2717,17,200,2274.5,6396.48,0.07,0.03,0.09,0.08,0.06,0.115,0.03,0.045,0.04,0.055,0.015,0.04,0.04,0.03,0.035,0.055,0.07,0.05,0.015,0.035,0.465,0.26,0.17,0.105,745,21954.6,-13.0,227,128,2,30,28,4,38,14,22,10,26,6,180,21.0,-34.0,5.7,0.5638766519823789,0.1666666666666666,11889.95,3516.73,32,D3RUS2,-,412,10.436893203883496,1.699029126213592,4.854368932038835,6.796116504854369,1.699029126213592,9.70873786407767,1.9417475728155336,5.339805825242718,3.155339805825242,6.796116504854369,4.12621359223301,2.4271844660194173,4.854368932038835,5.097087378640777,7.038834951456311,5.825242718446602,6.067961165048544,8.980582524271846,0.4854368932038834,2.669902912621359,21.84466019417476,31.55339805825243,1.699029126213592,1.9417475728155336,44433.19340000004,5.838524055480956,0.0485436893203883,41.17815533980583,Allochromatium vinosum DSM 180,1,0,0,1,1,1,0,1,1,1.1015772819519043,10.946614103591974
WP_005223505.1,0.6229,1000000041.8807,2.2717,17,212,2444.0,7164.23,0.0754716981132075,0.0330188679245283,0.0990566037735849,0.0754716981132075,0.0518867924528301,0.1132075471698113,0.0330188679245283,0.0424528301886792,0.0377358490566037,0.0424528301886792,0.0188679245283018,0.0566037735849056,0.0424528301886792,0.0283018867924528,0.0377358490566037,0.0518867924528301,0.0660377358490566,0.0471698113207547,0.0188679245283018,0.0283018867924528,0.4528301886792453,0.2641509433962264,0.1745283018867924,0.1084905660377358,784,23229.8,-14.0,247,142,4,26,36,4,38,10,24,16,26,8,192,23.0,-37.0,5.69,0.5748987854251012,0.1354166666666666,14128.58,545.85,74,W0E1A0,-,410,11.219512195121952,2.195121951219512,5.365853658536586,6.829268292682928,1.4634146341463417,9.024390243902438,2.195121951219512,4.878048780487805,2.682926829268293,7.317073170731707,4.146341463414634,3.414634146341464,4.634146341463414,4.390243902439024,8.292682926829269,5.121951219512195,5.121951219512195,8.780487804878048,0.4878048780487805,2.4390243902439024,23.170731707317078,32.19512195121951,2.195121951219512,2.195121951219512,44473.239100000064,6.040870857238769,0.0439024390243902,40.44170731707318,Marichromatium purpuratum,1,0,0,1,1,1,0,1,1,1.3332685232162476,10.925296152577747
CAL93544.1,0.6114,1000000044.963,0.0,17,206,2252.06,6008.56,0.087378640776699,0.0339805825242718,0.0922330097087378,0.0631067961165048,0.058252427184466,0.1067961165048543,0.0242718446601941,0.0485436893203883,0.0388349514563106,0.0533980582524271,0.0194174757281553,0.0436893203883495,0.0485436893203883,0.0242718446601941,0.029126213592233,0.0533980582524271,0.0728155339805825,0.0533980582524271,0.0145631067961165,0.0339805825242718,0.4902912621359223,0.2621359223300971,0.1553398058252427,0.0922330097087378,746,22344.4,-13.0,220,123,4,18,24,4,48,4,36,16,20,4,178,19.0,-32.0,5.7,0.5590909090909091,0.1011235955056179,13746.01,1778.91,12,A1K3Y9,+,415,12.771084337349398,1.4457831325301205,4.819277108433735,6.024096385542169,2.1686746987951806,9.156626506024097,1.2048192771084338,4.819277108433735,3.3734939759036147,7.951807228915662,3.614457831325301,3.614457831325301,5.0602409638554215,3.855421686746989,6.506024096385541,5.301204819277109,5.783132530120482,9.879518072289155,0.4819277108433735,2.1686746987951806,20.722891566265066,35.42168674698795,1.4457831325301205,1.2048192771084338,44137.09760000004,5.862737464904785,0.0481927710843373,36.73036144578314,Azoarcus olearius,1,0,0,1,1,1,0,1,1,1.0888535976409912,10.92632498013644
WP_011870774.1,0.619,1000000042.0087,0.0,17,168,1773.37,5878.97,0.0654761904761904,0.0238095238095238,0.0892857142857142,0.0714285714285714,0.0535714285714285,0.1130952380952381,0.0297619047619047,0.0416666666666666,0.0416666666666666,0.0416666666666666,0.0119047619047619,0.0595238095238095,0.0535714285714285,0.0357142857142857,0.0357142857142857,0.0416666666666666,0.0833333333333333,0.0476190476190476,0.0178571428571428,0.0416666666666666,0.4464285714285714,0.2857142857142857,0.1607142857142857,0.1071428571428571,636,18550.0,-9.0,194,119,2,22,22,4,18,8,30,12,22,4,144,18.0,-27.0,5.73,0.6134020618556701,0.1527777777777778,10170.7,847.07,14,A4G4K2,-,425,10.823529411764705,1.8823529411764703,5.411764705882352,5.88235294117647,1.8823529411764703,9.411764705882351,1.411764705882353,6.8235294117647065,4.0,6.588235294117648,3.294117647058824,3.7647058823529407,4.941176470588235,3.5294117647058822,6.11764705882353,5.411764705882352,6.11764705882353,9.411764705882351,0.7058823529411765,2.588235294117647,21.41176470588235,33.64705882352941,1.8823529411764703,1.411764705882353,45533.61780000002,5.803454399108887,0.0517647058823529,35.38588235294118,Herminiimonas arsenicoxydans,1,0,0,1,1,1,0,1,1,1.235885500907898,10.985944283188408
WP_011137085.1,0.6088,1000000043.7841,0.0,17,207,2352.63,6416.86,0.0869565217391304,0.0193236714975845,0.1014492753623188,0.0579710144927536,0.0676328502415458,0.1111111111111111,0.0144927536231884,0.0579710144927536,0.0579710144927536,0.0531400966183574,0.0241545893719806,0.0434782608695652,0.0434782608695652,0.0289855072463768,0.0338164251207729,0.038647342995169,0.0531400966183574,0.0579710144927536,0.0144927536231884,0.0338164251207729,0.5169082125603864,0.217391304347826,0.1594202898550724,0.1062801932367149,771,22704.2,-11.0,210,133,8,36,22,6,48,16,20,18,34,6,214,22.0,-33.0,5.78,0.6333333333333333,0.1682242990654205,11690.36,3616.08,66,Q7NS88,+,427,10.53864168618267,1.639344262295082,6.088992974238876,5.620608899297424,2.107728337236534,8.899297423887589,1.1709601873536302,5.152224824355972,4.215456674473068,8.899297423887589,3.0444964871194378,3.51288056206089,5.620608899297424,3.747072599531616,6.791569086651054,5.152224824355972,5.152224824355972,10.070257611241216,0.468384074941452,2.107728337236534,22.716627634660423,34.66042154566745,1.639344262295082,1.1709601873536302,45875.19930000003,6.057183647155762,0.0468384074941452,33.45761124121778,Chromobacterium violaceum,1,0,0,1,1,1,0,1,1,1.4625918865203855,10.92286156430765
WP_011479842.1,0.6025,1000000042.4031,0.0,17,187,2107.2,5965.63,0.0802139037433155,0.0267379679144385,0.0855614973262032,0.0802139037433155,0.0588235294117647,0.1176470588235294,0.0213903743315508,0.0427807486631016,0.0427807486631016,0.0427807486631016,0.0160427807486631,0.0481283422459893,0.0481283422459893,0.0320855614973262,0.0320855614973262,0.0481283422459893,0.0641711229946524,0.0588235294117647,0.0160427807486631,0.0374331550802139,0.481283422459893,0.2566844919786096,0.1657754010695187,0.0962566844919786,689,20409.6,-13.0,207,119,0,24,34,6,42,10,28,10,14,4,172,18.0,-31.0,5.7,0.5748792270531401,0.1395348837209302,10202.13,647.21,48,Q1H0U9,-,428,10.046728971962615,1.6355140186915886,5.14018691588785,5.607476635514018,1.6355140186915886,8.878504672897195,1.4018691588785046,5.841121495327103,4.439252336448598,7.943925233644859,3.2710280373831773,3.2710280373831773,4.906542056074766,4.672897196261682,6.308411214953271,6.308411214953271,5.841121495327103,9.579439252336448,0.7009345794392523,2.570093457943925,21.49532710280374,33.41121495327103,1.6355140186915886,1.4018691588785046,46109.38600000001,7.0075883865356445,0.0490654205607476,37.01144859813084,Methylobacillus flagellatus,1,0,0,1,1,1,0,1,1,1.5264211893081665,10.878577449295378
EWC76322.1,0.2208,32.5778,4.7798,31,215,2025.74,9184.58,0.0604651162790697,0.027906976744186,0.0930232558139534,0.0837209302325581,0.0697674418604651,0.0790697674418604,0.027906976744186,0.0744186046511627,0.0697674418604651,0.055813953488372,0.013953488372093,0.0465116279069767,0.041860465116279,0.027906976744186,0.0465116279069767,0.0325581395348837,0.055813953488372,0.0372093023255813,0.013953488372093,0.041860465116279,0.4465116279069767,0.2325581395348837,0.1767441860465116,0.1441860465116279,878,24645.4,-7.0,237,164,2,24,20,8,28,6,24,20,10,4,146,31.0,-38.0,5.85,0.6919831223628692,0.1643835616438356,10954.05,32.9,75,W7JBQ5,-,823,3.0376670716889427,1.701093560145808,5.103280680437424,7.897934386391252,4.0097205346294045,5.224787363304982,1.8226002430133657,9.842041312272174,11.421628189550423,9.720534629404618,2.3086269744835968,10.814094775212636,2.0656136087484813,2.0656136087484813,3.6452004860267313,4.738760631834751,4.25273390036452,5.710814094775213,0.3645200486026731,4.25273390036452,28.068043742405838,28.311057108140947,1.701093560145808,1.8226002430133657,95124.72590000049,8.911158561706543,0.0862697448359659,42.80442284325649,Plasmodium falciparum UGT5.1,1,0,0,1,1,1,0,1,0,0.8851813077926636,
ALO15331.1,0.3655,30.8898,5.2857,31,193,1903.62,7310.22,0.0880829015544041,0.0259067357512953,0.1036269430051813,0.0621761658031088,0.0621761658031088,0.0673575129533678,0.0207253886010362,0.0569948186528497,0.077720207253886,0.0518134715025906,0.0103626943005181,0.0466321243523316,0.0362694300518134,0.0259067357512953,0.0518134715025906,0.0518134715025906,0.0569948186528497,0.0569948186528497,0.0155440414507772,0.0310880829015544,0.4455958549222797,0.238341968911917,0.1658031088082901,0.1502590673575129,758,21715.7,-3.0,208,157,2,34,14,4,10,20,8,2,26,4,124,29.0,-32.0,5.92,0.7548076923076923,0.2741935483870967,9694.71,467.14,1,A0A0S2HZ10,-,638,8.307210031347962,0.9404388714733544,5.6426332288401255,6.896551724137931,3.2915360501567394,6.739811912225706,2.3510971786833856,6.739811912225706,6.112852664576803,8.150470219435736,2.8213166144200628,5.015673981191222,3.605015673981191,3.2915360501567394,5.6426332288401255,5.329153605015674,6.583072100313479,9.090909090909092,0.7836990595611284,2.664576802507837,24.294670846394983,32.288401253918494,0.9404388714733544,2.3510971786833856,70799.24380000035,6.350472831726075,0.067398119122257,33.007523510971815,Salinivirga cyanobacteriivorans,1,0,0,1,1,1,0,1,1,0.7865354418754578,8.60780967806799
ACX75977.1,0.4186,29.4874,14.0015,32,233,2123.79,8392.94,0.0901287553648068,0.0214592274678111,0.0729613733905579,0.0944206008583691,0.0686695278969957,0.0772532188841201,0.0171673819742489,0.0686695278969957,0.0815450643776824,0.0600858369098712,0.0085836909871244,0.0343347639484978,0.055793991416309,0.03862660944206,0.0343347639484978,0.0257510729613733,0.0643776824034334,0.03862660944206,0.0128755364806866,0.0343347639484978,0.4806866952789699,0.2188841201716738,0.167381974248927,0.1330472103004291,918,26204.4,-8.0,244,167,10,16,20,6,42,18,16,14,10,8,160,31.0,-39.0,5.87,0.6844262295081968,0.1,10038.73,2219.9,28,C9RL29,-,579,11.398963730569948,1.5544041450777202,6.044905008635578,7.081174438687392,3.7996545768566494,8.635578583765112,1.208981001727116,5.699481865284974,6.390328151986183,8.117443868739207,2.072538860103627,2.417962003454232,5.008635578583765,2.417962003454232,5.699481865284974,4.66321243523316,5.354058721934369,9.499136442141625,0.3454231433506045,2.5906735751295336,25.215889464594127,34.715025906735754,1.5544041450777202,1.208981001727116,62498.119500000175,5.857337760925293,0.0673575129533678,32.74386873920551,Fibrobacter succinogenes subsp. succinogenes S85,1,0,0,1,1,1,0,1,1,1.0129584074020386,8.320044886807072
AAP05169.1,0.3849,32.6201,9.8046,31,150,1592.08,4987.8,0.0466666666666666,0.0333333333333333,0.1,0.0866666666666666,0.0733333333333333,0.04,0.06,0.0733333333333333,0.0533333333333333,0.0666666666666666,0.0133333333333333,0.0533333333333333,0.0466666666666666,0.0333333333333333,0.0066666666666666,0.06,0.0533333333333333,0.0466666666666666,0.02,0.0333333333333333,0.4266666666666667,0.2666666666666666,0.1866666666666666,0.12,623,17329.6,-10.0,186,89,10,20,8,0,16,8,16,14,18,2,112,18.0,-28.0,5.6,0.478494623655914,0.1785714285714285,6795.43,-36.88,67,Q823I7,-,606,6.6006600660066,2.31023102310231,4.455445544554455,8.085808580858085,3.96039603960396,6.930693069306932,3.7953795379537953,6.270627062706271,7.590759075907591,9.405940594059404,2.64026402640264,3.3003300330033,4.62046204620462,2.31023102310231,3.630363036303631,5.6105610561056105,6.930693069306932,8.745874587458747,0.6600660066006601,2.145214521452145,23.76237623762376,31.02310231023102,2.31023102310231,3.7953795379537953,67124.83920000016,6.307161521911622,0.0676567656765676,29.639438943894373,Chlamydia caviae GPIC,1,0,0,1,1,1,0,1,1,0.9996504187583924,7.750932486693422
WP_010883016.1,0.3915,32.7519,8.4192,31,199,2224.27,6673.76,0.0753768844221105,0.0351758793969849,0.0804020100502512,0.0753768844221105,0.0552763819095477,0.0804020100502512,0.0251256281407035,0.0753768844221105,0.0552763819095477,0.0552763819095477,0.0301507537688442,0.0301507537688442,0.0402010050251256,0.0452261306532663,0.0351758793969849,0.0402010050251256,0.0804020100502512,0.0301507537688442,0.0100502512562814,0.0452261306532663,0.4522613065326633,0.2763819095477386,0.1557788944723618,0.1155778894472361,774,22383.8,-8.0,216,138,0,32,16,4,22,20,14,6,28,4,146,23.0,-31.0,5.79,0.6388888888888888,0.2191780821917808,9709.59,162.45,71,Q9Z8H0,-,613,7.177814029363784,1.957585644371941,5.5464926590538335,7.3409461663947795,4.078303425774878,6.688417618270799,4.078303425774878,6.851549755301795,6.688417618270799,10.114192495921696,2.446982055464926,2.936378466557912,5.057096247960848,2.7732463295269167,4.078303425774878,4.404567699836868,7.177814029363784,7.3409461663947795,0.6525285481239804,2.6101141924959217,23.65415986949429,31.484502446982056,1.957585644371941,4.078303425774878,68308.00620000024,6.039734077453613,0.0734094616639478,32.6247960848287,Chlamydia pneumoniae,1,0,0,1,1,1,0,1,1,0.999504566192627,7.882263701160012
WP_012464304.1,0.3896,31.353,0.0,32,178,1641.7,7078.39,0.0730337078651685,0.0224719101123595,0.1011235955056179,0.0786516853932584,0.0674157303370786,0.0674157303370786,0.0112359550561797,0.0730337078651685,0.0730337078651685,0.0674157303370786,0.0112359550561797,0.0449438202247191,0.0561797752808988,0.0337078651685393,0.0449438202247191,0.0393258426966292,0.0505617977528089,0.0280898876404494,0.0168539325842696,0.0393258426966292,0.4606741573033708,0.2303370786516854,0.1797752808988764,0.1292134831460674,722,20319.2,-9.0,197,135,2,28,10,4,28,6,14,8,16,0,116,23.0,-32.0,5.83,0.6852791878172588,0.2413793103448276,9189.88,15.2,19,B3DYH4,-,606,8.415841584158416,1.8151815181518156,7.260726072607261,5.445544554455446,3.7953795379537953,7.590759075907591,1.65016501650165,6.6006600660066,6.105610561056106,9.405940594059404,1.98019801980198,3.1353135313531357,5.9405940594059405,1.98019801980198,7.425742574257425,6.105610561056106,4.785478547854786,6.930693069306932,0.6600660066006601,2.9702970297029703,26.23762376237624,31.353135313531357,1.8151815181518156,1.65016501650165,67005.26810000025,8.466713523864748,0.0742574257425742,34.78036303630364,Methylacidiphilum infernorum,1,0,0,1,1,1,0,1,1,0.8261184692382812,8.80799906860358
ACU05649.1,0.3582,29.7445,2.0082,31,204,2316.07,6971.6,0.0931372549019607,0.0196078431372549,0.0931372549019607,0.0637254901960784,0.0539215686274509,0.0686274509803921,0.0196078431372549,0.0735294117647058,0.0637254901960784,0.034313725490196,0.0294117647058823,0.0490196078431372,0.0441176470588235,0.0294117647058823,0.0392156862745098,0.0392156862745098,0.088235294117647,0.034313725490196,0.0098039215686274,0.0539215686274509,0.4411764705882353,0.2794117647058823,0.1568627450980392,0.1225490196078431,798,22951.1,-7.0,227,154,4,36,26,2,26,22,28,10,26,6,186,25.0,-32.0,5.83,0.6784140969162996,0.1935483870967742,12349.06,481.7,25,C6XST6,-,644,7.763975155279502,1.2422360248447204,6.6770186335403725,6.055900621118012,2.484472049689441,7.453416149068323,1.8633540372670807,6.211180124223603,5.590062111801243,10.093167701863354,3.7267080745341614,4.658385093167702,3.7267080745341614,3.260869565217391,4.813664596273292,4.968944099378882,6.6770186335403725,7.298136645962733,0.4658385093167702,4.968944099378882,23.13664596273292,31.366459627329192,1.2422360248447204,1.8633540372670807,71624.21040000036,5.415528297424316,0.0791925465838509,24.660714285714263,Pedobacter heparinus DSM 2366,1,0,0,1,1,1,0,1,1,0.8063441514968872,8.338972195867102
ADE56011.1,0.3299,30.0076,4.4243,31,226,2561.51,6992.55,0.1017699115044247,0.0176991150442477,0.079646017699115,0.0752212389380531,0.0309734513274336,0.0884955752212389,0.0265486725663716,0.084070796460177,0.0752212389380531,0.079646017699115,0.0309734513274336,0.0398230088495575,0.0398230088495575,0.0221238938053097,0.0442477876106194,0.0221238938053097,0.0442477876106194,0.0619469026548672,0.0088495575221238,0.0265486725663716,0.5265486725663717,0.1725663716814159,0.1548672566371681,0.1460176991150442,842,24884.6,-2.0,210,158,0,18,40,42,44,24,24,12,14,6,224,33.0,-35.0,5.97,0.7523809523809524,0.0803571428571428,14102.93,6411.93,34,D5EHX1,-,681,10.27900146842878,2.4963289280469896,6.31424375917768,7.342143906020558,2.3494860499265786,6.7547723935389135,2.202643171806168,6.607929515418502,4.992657856093979,10.13215859030837,2.055800293685756,3.671071953010279,4.552129221732746,3.524229074889868,6.461086637298092,5.580029368575625,5.4331864904552125,6.020558002936858,0.5873715124816447,2.643171806167401,25.11013215859031,33.03964757709251,2.4963289280469896,2.202643171806168,74888.67220000044,5.601903343200683,0.0558002936857562,35.12995594713665,Coraliomargarita akajimensis DSM 45221,1,0,0,1,1,1,0,1,1,0.9518511891365052,9.02713956078019
BAC91563.1,0.6268,32.6986,0.0,32,175,1543.03,7033.92,0.0742857142857142,0.0285714285714285,0.08,0.1028571428571428,0.0457142857142857,0.0857142857142857,0.0285714285714285,0.0571428571428571,0.04,0.0742857142857142,0.0171428571428571,0.0285714285714285,0.0514285714285714,0.0228571428571428,0.0742857142857142,0.04,0.0571428571428571,0.0514285714285714,0.0114285714285714,0.0285714285714285,0.4685714285714286,0.2057142857142857,0.1828571428571428,0.1428571428571428,683,19678.1,-7.0,190,133,0,18,26,2,28,4,8,6,18,2,112,25.0,-32.0,5.89,0.7,0.1607142857142857,7495.53,1766.21,65,Q7NFA4,-,396,9.595959595959595,1.5151515151515151,5.555555555555555,6.565656565656567,1.2626262626262623,9.090909090909092,3.0303030303030303,5.808080808080808,3.2828282828282838,10.606060606060606,2.525252525252525,2.0202020202020203,5.555555555555555,2.0202020202020203,8.585858585858585,3.0303030303030303,5.808080808080808,10.85858585858586,0.2525252525252525,3.0303030303030303,23.98989898989899,36.86868686868687,1.5151515151515151,3.0303030303030303,43157.49219999999,6.873448371887207,0.0454545454545454,31.689393939393923,Gloeobacter violaceus PCC 7421,1,0,0,1,1,1,0,1,0,2.158811569213867,10.466122804929752
BAC08548.1,0.6203,32.6986,1.451,32,235,2230.37,7292.16,0.0808510638297872,0.0127659574468085,0.0595744680851063,0.0936170212765957,0.025531914893617,0.0808510638297872,0.0425531914893617,0.0680851063829787,0.051063829787234,0.1106382978723404,0.025531914893617,0.0425531914893617,0.0382978723404255,0.0127659574468085,0.051063829787234,0.0425531914893617,0.0382978723404255,0.0978723404255319,0.0085106382978723,0.0170212765957446,0.5361702127659574,0.1659574468085106,0.1531914893617021,0.1446808510638297,879,25890.2,-2.0,222,157,6,20,20,18,16,38,20,6,16,6,166,34.0,-36.0,5.96,0.7072072072072072,0.1204819277108433,14551.91,258.94,68,Q8DK70,-,402,8.208955223880597,1.4925373134328357,3.9800995024875614,9.203980099502488,1.4925373134328357,8.706467661691542,2.238805970149253,7.213930348258707,4.975124378109453,8.706467661691542,3.482587064676617,2.985074626865672,5.721393034825871,1.7412935323383083,6.7164179104477615,3.9800995024875614,5.472636815920398,9.701492537313433,0.2487562189054726,3.731343283582089,24.875621890547265,33.83084577114428,1.4925373134328357,2.238805970149253,44191.66679999999,5.938333320617676,0.0547263681592039,36.24480099502487,Thermosynechococcus vestitus BP-1,1,0,1,1,1,1,0,1,0,2.469752311706543,10.441418001221576
ACC83392.1,0.619,32.3225,0.0,32,263,3151.32,7615.41,0.0798479087452471,0.0114068441064638,0.0570342205323193,0.0874524714828897,0.0228136882129277,0.0798479087452471,0.0342205323193916,0.0760456273764258,0.0570342205323193,0.1026615969581749,0.0342205323193916,0.0418250950570342,0.0418250950570342,0.0152091254752851,0.0456273764258555,0.0456273764258555,0.0380228136882129,0.091254752851711,0.0076045627376425,0.0304182509505703,0.5361216730038023,0.182509505703422,0.1444866920152091,0.1368821292775665,988,29061.5,-2.0,243,176,6,20,42,42,44,64,16,10,10,10,264,36.0,-38.0,5.96,0.7242798353909465,0.0757575757575757,17716.13,1219.84,18,B2J1G1,+/-,408,6.372549019607843,1.4705882352941175,5.392156862745098,8.57843137254902,1.715686274509804,8.333333333333332,2.450980392156863,8.57843137254902,6.127450980392156,8.333333333333332,3.1862745098039214,2.941176470588235,4.411764705882353,1.96078431372549,6.127450980392156,4.901960784313726,6.127450980392156,9.31372549019608,0.2450980392156862,3.431372549019608,26.225490196078432,32.59803921568628,1.4705882352941175,2.450980392156863,45148.63169999998,5.887917137145995,0.0539215686274509,34.793627450980374,Nostoc punctiforme PCC 73102,1,0,0,1,1,1,0,1,0,2.380778312683105,10.39316886908711
BAA17717.1,0.6229,32.3225,0.0,32,256,2991.49,6781.07,0.0859375,0.01171875,0.0546875,0.0859375,0.0234375,0.07421875,0.03515625,0.078125,0.05859375,0.09765625,0.03515625,0.03125,0.0390625,0.0234375,0.05078125,0.046875,0.0390625,0.09765625,0.0078125,0.0234375,0.5390625,0.17578125,0.140625,0.14453125,961,28293.5,1.0,231,177,2,28,48,52,64,54,20,18,18,10,314,37.0,-36.0,6.01,0.7662337662337663,0.0891719745222929,20140.2,3693522055436.09,45,P73672,-,403,7.94044665012407,1.488833746898263,5.955334987593052,7.6923076923076925,1.7369727047146404,8.933002481389577,2.729528535980149,6.451612903225806,4.962779156327544,8.6848635235732,3.722084367245657,1.9851116625310172,4.962779156327544,2.977667493796526,6.20347394540943,4.218362282878412,5.459057071960298,10.42183622828784,0.2481389578163771,3.225806451612903,24.81389578163772,33.49875930521092,1.488833746898263,2.729528535980149,44175.47349999999,5.639360237121582,0.0521091811414392,30.60744416873448,Synechocystis sp. PCC 6803,1,0,0,1,1,1,0,1,0,2.176899671554565,9.333555302581614
ACB51662.1,0.6229,32.3225,0.0,32,256,3195.68,7087.38,0.0859375,0.01171875,0.046875,0.08203125,0.0234375,0.078125,0.03515625,0.078125,0.0625,0.1015625,0.03125,0.03515625,0.0390625,0.0234375,0.046875,0.05078125,0.0390625,0.08984375,0.0078125,0.03125,0.53515625,0.19140625,0.12890625,0.14453125,962,28274.7,4.0,225,180,6,24,40,42,48,64,20,12,14,8,278,37.0,-33.0,6.04,0.8,0.0863309352517985,18943.59,31203.61,17,B1WQF1,-,404,6.930693069306932,1.4851485148514851,4.702970297029703,9.15841584158416,1.98019801980198,8.663366336633663,2.4752475247524752,7.673267326732673,5.693069306930694,8.91089108910891,3.4653465346534658,1.98019801980198,4.950495049504951,2.722772277227723,5.9405940594059405,4.455445544554455,6.188118811881188,8.91089108910891,0.2475247524752475,3.4653465346534658,25.495049504950494,32.42574257425743,1.4851485148514851,2.4752475247524752,44650.119899999976,5.690401649475096,0.0569306930693069,35.27997524752474,Crocosphaera subtropica ATCC 51142,1,0,0,1,1,1,0,1,0,1.9852455854415891,9.48131884459657
EAM48116.1,0.6229,32.3225,0.0,32,235,2297.19,7140.52,0.0851063829787234,0.0127659574468085,0.0595744680851063,0.0723404255319148,0.025531914893617,0.0851063829787234,0.0382978723404255,0.0808510638297872,0.0638297872340425,0.1063829787234042,0.0297872340425531,0.0340425531914893,0.0297872340425531,0.025531914893617,0.0595744680851063,0.0297872340425531,0.0382978723404255,0.0893617021276595,0.0085106382978723,0.025531914893617,0.5404255319148936,0.1659574468085106,0.1319148936170212,0.1617021276595744,895,26119.2,7.0,199,176,4,20,28,30,34,40,14,12,14,6,202,38.0,-31.0,6.1,0.8844221105527639,0.099009900990099,16034.65,570085278470.9,57,Q4BW34,-,412,7.038834951456311,1.4563106796116505,4.611650485436893,8.737864077669903,1.9417475728155336,8.980582524271846,2.912621359223301,7.766990291262135,5.339805825242718,8.980582524271846,3.155339805825242,2.4271844660194173,4.611650485436893,2.912621359223301,6.067961165048544,4.368932038834951,5.825242718446602,9.223300970873789,0.2427184466019417,3.3980582524271843,24.75728155339806,33.00970873786408,1.4563106796116505,2.912621359223301,45459.9749,5.897352409362793,0.0558252427184466,35.8077912621359,Crocosphaera watsonii WH 8501,1,0,0,1,1,1,0,1,0,2.294010162353516,9.046396475880192
ACZ19163.1,0.6412,39.1427,22.4156,29,210,2477.22,6660.82,0.1095238095238095,0.0333333333333333,0.0666666666666666,0.0761904761904762,0.0333333333333333,0.1142857142857142,0.0238095238095238,0.0380952380952381,0.0428571428571428,0.0761904761904762,0.019047619047619,0.0476190476190476,0.0285714285714285,0.0285714285714285,0.0619047619047619,0.0523809523809523,0.0380952380952381,0.0571428571428571,0.019047619047619,0.0333333333333333,0.4952380952380952,0.2333333333333333,0.1428571428571428,0.1285714285714285,766,22882.5,-3.0,202,159,8,32,36,16,48,22,40,30,22,4,258,27.0,-30.0,5.93,0.7871287128712872,0.1240310077519379,18039.71,384733.99,29,D1BA60,-,357,9.523809523809524,2.5210084033613445,4.761904761904762,7.002801120448179,1.96078431372549,12.605042016806722,1.680672268907563,4.761904761904762,2.5210084033613445,10.644257703081232,2.801120448179272,2.801120448179272,3.6414565826330536,1.680672268907563,7.84313725490196,7.282913165266107,2.5210084033613445,11.76470588235294,0.5602240896358543,1.1204481792717087,22.12885154061625,36.69467787114846,2.5210084033613445,1.680672268907563,37564.88330000002,5.787539482116699,0.0364145658263305,23.45742296918767,Thermanaerovibrio acidaminovorans DSM 6589,0,0,0,1,1,1,1,1,1,0.7804233431816101,8.547811794643039
WP_014624852.1,0.6425,37.8234,13.4851,32,190,2053.21,6393.2,0.0789473684210526,0.0157894736842105,0.0684210526315789,0.0789473684210526,0.031578947368421,0.0789473684210526,0.0263157894736842,0.0526315789473684,0.0684210526315789,0.0684210526315789,0.0263157894736842,0.0263157894736842,0.0578947368421052,0.0263157894736842,0.0578947368421052,0.0473684210526315,0.0631578947368421,0.0736842105263157,0.0263157894736842,0.0263157894736842,0.4947368421052631,0.2052631578947368,0.1473684210526315,0.1526315789473684,738,21289.1,1.0,184,150,6,24,34,16,22,18,26,4,16,8,174,29.0,-28.0,6.03,0.8152173913043478,0.1379310344827586,12873.94,939.92,39,G0GEV3,-,366,8.743169398907105,1.366120218579235,3.825136612021858,9.01639344262295,2.73224043715847,9.289617486338798,1.639344262295082,6.284153005464481,3.825136612021858,8.743169398907105,3.0054644808743167,1.912568306010929,5.737704918032787,1.092896174863388,7.923497267759563,5.46448087431694,4.371584699453552,12.295081967213116,0.819672131147541,1.912568306010929,24.59016393442623,36.0655737704918,1.366120218579235,1.639344262295082,39776.74740000005,5.982951927185058,0.0546448087431694,35.037158469945346,Spirochaeta thermophila,1,0,0,1,1,1,0,1,1,1.5580092668533323,10.828183121611996
WP_002678768.1,0.6333,28.4808,25.5345,31,229,2301.15,9048.67,0.0873362445414847,0.0131004366812227,0.0829694323144104,0.1048034934497816,0.0349344978165938,0.0960698689956331,0.0305676855895196,0.0829694323144104,0.0786026200873362,0.1004366812227074,0.0087336244541484,0.0305676855895196,0.0305676855895196,0.0087336244541484,0.0349344978165938,0.0480349344978165,0.0436681222707423,0.0436681222707423,0.0087336244541484,0.0305676855895196,0.4934497816593886,0.1746724890829694,0.1877729257641921,0.1441048034934497,859,25193.9,-10.0,246,149,8,20,40,28,18,22,26,10,16,10,198,33.0,-43.0,5.86,0.6056910569105691,0.101010101010101,11509.38,1093.44,64,Q73N90,-,387,7.493540051679587,1.8087855297157625,6.2015503875969,8.010335917312661,3.10077519379845,8.010335917312661,1.2919896640826871,8.785529715762273,10.07751937984496,10.594315245478036,2.0671834625323,3.359173126614987,2.5839793281653747,2.5839793281653747,5.167958656330749,6.459948320413436,5.426356589147287,5.943152454780361,0.516795865633075,0.516795865633075,29.457364341085277,32.81653746770026,1.8087855297157625,1.2919896640826871,42459.77180000002,8.517514610290526,0.041343669250646,37.88116279069765,Treponema,1,0,0,1,1,1,0,1,1,2.314314842224121,10.99266289685081
BAM02738.1,0.6152,29.987,17.7862,30,201,2278.92,8316.22,0.0845771144278607,0.0298507462686567,0.0845771144278607,0.099502487562189,0.044776119402985,0.0895522388059701,0.0248756218905472,0.0547263681592039,0.0497512437810945,0.0398009950248756,0.0149253731343283,0.0298507462686567,0.0547263681592039,0.0348258706467661,0.044776119402985,0.0398009950248756,0.0547263681592039,0.0746268656716417,0.0149253731343283,0.0348258706467661,0.472636815920398,0.2238805970149253,0.1840796019900497,0.1194029850746268,763,22282.7,-13.0,224,135,4,34,18,6,30,14,20,12,22,4,164,24.0,-37.0,5.77,0.6026785714285714,0.2073170731707317,10948.93,459.19,40,I0IBV0,-,420,10.238095238095235,1.4285714285714286,6.190476190476191,8.333333333333332,2.857142857142857,9.761904761904765,2.619047619047619,6.666666666666667,5.238095238095238,8.80952380952381,1.4285714285714286,1.4285714285714286,5.0,1.6666666666666667,7.6190476190476195,4.047619047619048,3.333333333333333,11.428571428571429,0.2380952380952381,1.6666666666666667,27.380952380952383,37.142857142857146,1.4285714285714286,2.619047619047619,45381.77720000002,5.950042152404785,0.0476190476190476,34.2212142857143,Phycisphaera mikurensis NBRC 102666,1,0,0,1,1,1,0,1,1,1.538410782814026,7.363926088732802
KZD16972.1,0.6776,31.2592,5.1854,31,158,1667.28,5640.81,0.1139240506329113,0.0316455696202531,0.0886075949367088,0.0759493670886076,0.0379746835443038,0.0822784810126582,0.0063291139240506,0.0696202531645569,0.0316455696202531,0.1075949367088607,0.0189873417721519,0.0189873417721519,0.0253164556962025,0.0189873417721519,0.1329113924050632,0.0316455696202531,0.0569620253164556,0.0063291139240506,0.0189873417721519,0.0253164556962025,0.4810126582278481,0.1835443037974683,0.1645569620253164,0.170886075949367,629,17974.3,1.0,149,154,6,30,6,2,12,16,10,4,32,2,120,27.0,-26.0,6.15,1.0335570469798658,0.25,12780.08,4334.71,4,A0A1V6K6T3,-,360,13.055555555555555,1.3888888888888888,3.888888888888889,6.666666666666667,1.9444444444444444,10.833333333333334,2.2222222222222223,8.055555555555555,1.3888888888888888,8.333333333333332,1.3888888888888888,1.6666666666666667,5.833333333333333,1.6666666666666667,10.833333333333334,6.944444444444445,4.722222222222222,8.61111111111111,0.5555555555555556,0.0,22.77777777777778,38.05555555555556,1.3888888888888888,2.2222222222222223,37835.05420000004,9.473903083801272,0.025,38.57749999999999,Candidatus Fermentibacter daniensis,1,0,0,1,1,1,0,1,1,1.116413116455078,10.840319865189976
AXA34785.1,0.6776,1000000024.243,7.4157,30,196,2209.62,6472.38,0.1020408163265306,0.0204081632653061,0.0714285714285714,0.0816326530612244,0.0408163265306122,0.0918367346938775,0.0306122448979591,0.0663265306122449,0.0306122448979591,0.0408163265306122,0.0204081632653061,0.0561224489795918,0.0357142857142857,0.0306122448979591,0.0612244897959183,0.0561224489795918,0.0612244897959183,0.0408163265306122,0.010204081632653,0.0510204081632653,0.4489795918367347,0.2755102040816326,0.1530612244897959,0.1224489795918367,747,21757.3,-6.0,216,153,4,28,32,4,26,6,50,26,18,2,196,24.0,-30.0,5.85,0.7083333333333334,0.1428571428571428,14983.05,1116.31,8,A0A2Z4Y2M4,-,384,10.9375,1.8229166666666667,3.6458333333333335,8.854166666666668,1.8229166666666667,7.8125,1.3020833333333337,7.8125,3.125,7.8125,1.5625,3.90625,4.427083333333334,3.3854166666666665,9.114583333333332,5.46875,5.46875,8.854166666666668,0.2604166666666666,2.604166666666667,24.739583333333336,35.41666666666667,1.8229166666666667,1.3020833333333337,41903.416300000055,6.5753278732299805,0.046875,43.41354166666665,Candidatus Sumerlaea chitinivorans,1,0,0,1,1,1,0,1,1,0.7796432375907898,10.789296243793736
WP_000892444.1,0.6986,36.7772,5.3558,32,197,2247.15,7187.55,0.1116751269035533,0.0203045685279187,0.0812182741116751,0.0761421319796954,0.0609137055837563,0.0812182741116751,0.0304568527918781,0.0862944162436548,0.0913705583756345,0.0558375634517766,0.015228426395939,0.0456852791878172,0.0203045685279187,0.0253807106598984,0.0253807106598984,0.0406091370558375,0.0406091370558375,0.0406091370558375,0.0101522842639593,0.0406091370558375,0.482233502538071,0.2131979695431472,0.1573604060913705,0.1472081218274111,759,21941.7,-2.0,198,139,6,26,18,10,30,10,22,16,24,2,164,29.0,-31.0,5.91,0.702020202020202,0.1585365853658536,10746.56,4014.3,72,Q9ZLL0,-,359,9.47075208913649,1.1142061281337048,5.571030640668524,6.963788300835655,3.62116991643454,7.242339832869081,1.9498607242339836,9.47075208913649,9.749303621169917,9.47075208913649,2.785515320334262,4.178272980501393,3.064066852367688,1.6713091922005572,4.456824512534819,6.685236768802229,3.899721448467967,6.963788300835655,0.2785515320334262,1.392757660167131,26.740947075208915,35.37604456824512,1.1142061281337048,1.9498607242339836,39259.322400000005,8.933335685729983,0.0529247910863509,28.125905292479107,Helicobacter pylori,1,0,0,1,1,1,0,1,1,1.2724167108535769,10.673708059610702
APE74616.1,0.6101,26.5029,2.843,32,201,2148.24,6974.25,0.0696517412935323,0.0199004975124378,0.0646766169154228,0.0895522388059701,0.0348258706467661,0.1144278606965174,0.0298507462686567,0.1094527363184079,0.0746268656716417,0.099502487562189,0.0099502487562189,0.0497512437810945,0.0248756218905472,0.0199004975124378,0.0348258706467661,0.0348258706467661,0.0248756218905472,0.0547263681592039,0.0149253731343283,0.0248756218905472,0.5323383084577115,0.1741293532338308,0.154228855721393,0.1393034825870646,756,22146.6,-3.0,187,134,2,14,22,48,30,16,10,2,8,4,156,28.0,-31.0,5.93,0.7165775401069518,0.0897435897435897,9791.29,1693.73,10,A0AAX3T143,-,427,5.386416861826698,4.683840749414521,4.215456674473068,6.791569086651054,2.107728337236534,7.259953161592506,1.873536299765808,10.070257611241216,9.836065573770492,8.665105386416862,1.873536299765808,6.088992974238876,3.9812646370023423,2.810304449648712,3.278688524590164,5.85480093676815,5.152224824355972,6.088992974238876,0.702576112412178,3.278688524590164,24.12177985948477,30.21077283372365,4.683840749414521,1.873536299765808,47370.68069999992,8.614023780822755,0.0608899297423887,43.59629976580795,Spiroplasma citri,1,0,0,1,1,1,0,1,0,,
ABG04368.1,0.6873,25.2563,4.4018,31,175,1754.35,6583.47,0.0685714285714285,0.0228571428571428,0.1085714285714285,0.0685714285714285,0.0571428571428571,0.1142857142857142,0.0285714285714285,0.0742857142857142,0.0571428571428571,0.0285714285714285,0.0228571428571428,0.0342857142857142,0.04,0.0171428571428571,0.0742857142857142,0.0342857142857142,0.0514285714285714,0.0514285714285714,0.0171428571428571,0.0285714285714285,0.4742857142857143,0.1885714285714285,0.1771428571428571,0.16,681,19624.2,-3.0,182,141,8,30,22,0,16,10,18,10,16,4,134,28.0,-31.0,5.95,0.7747252747252747,0.2238805970149253,10493.06,28161.28,47,Q1AW60,+,357,11.204481792717088,1.400560224089636,6.162464985994398,7.563025210084033,3.361344537815126,9.243697478991598,2.801120448179272,6.722689075630252,5.322128851540616,6.722689075630252,2.801120448179272,2.5210084033613445,5.042016806722689,1.96078431372549,7.282913165266107,4.481792717086835,3.6414565826330536,9.523809523809524,0.2801120448179272,1.96078431372549,26.33053221288516,34.173669467787114,1.400560224089636,2.801120448179272,38733.01000000004,6.234123420715332,0.0560224089635854,38.65773109243695,Rubrobacter xylanophilus DSM 9941,1,0,0,1,1,1,0,1,1,1.4401652812957764,8.362672064322616
SEH14556.1,0.5925,26.705,4.6188,32,257,2840.42,8655.88,0.1050583657587548,0.0155642023346303,0.0817120622568093,0.0856031128404669,0.0389105058365758,0.0700389105058365,0.0389105058365758,0.0583657587548638,0.0583657587548638,0.0622568093385214,0.0077821011673151,0.0233463035019455,0.0428015564202334,0.0272373540856031,0.0622568093385214,0.0544747081712062,0.0700389105058365,0.0544747081712062,0.0155642023346303,0.0272373540856031,0.4552529182879377,0.2178988326848249,0.1673151750972762,0.159533073929961,990,28617.6,-2.0,279,204,18,26,36,22,40,24,46,10,28,2,252,41.0,-43.0,5.97,0.7311827956989247,0.1031746031746031,18604.83,62139.7,3,A0A1H6FUS5,-,449,15.812917594654788,0.8908685968819599,4.4543429844098,9.35412026726058,2.0044543429844097,8.463251670378618,2.2271714922049,5.79064587973274,3.78619153674833,8.908685968819599,1.11358574610245,2.2271714922049,4.89977728285078,2.4498886414253898,9.131403118040089,4.008908685968819,4.231625835189309,8.908685968819599,0.6681514476614699,0.6681514476614699,26.7260579064588,39.42093541202672,0.8908685968819599,2.2271714922049,47961.22120000015,6.265782737731934,0.0334075723830734,35.32227171492206,Thermoleophilum album,0,0,0,1,1,1,1,1,1,1.1121834516525269,9.71925380398707
AAD35972.1,0.6804,28.008,18.5655,33,185,2104.14,7551.29,0.081081081081081,0.0162162162162162,0.1027027027027027,0.0918918918918919,0.0324324324324324,0.0918918918918919,0.0108108108108108,0.0864864864864864,0.0594594594594594,0.0864864864864864,0.0216216216216216,0.0324324324324324,0.0216216216216216,0.0162162162162162,0.0702702702702702,0.0324324324324324,0.0378378378378378,0.0756756756756756,0.0162162162162162,0.0162162162162162,0.5135135135135135,0.1513513513513513,0.1945945945945946,0.1405405405405405,706,20597.0,-10.0,193,137,4,22,20,36,12,26,10,4,10,4,148,26.0,-36.0,5.89,0.7098445595854922,0.1486486486486486,12059.29,249.41,70,Q9WZZ3,-,344,8.13953488372093,1.162790697674419,4.941860465116279,10.755813953488373,1.744186046511628,8.13953488372093,0.872093023255814,10.465116279069768,8.720930232558139,7.267441860465117,1.744186046511628,2.9069767441860463,2.0348837209302326,1.744186046511628,6.686046511627906,5.523255813953488,3.1976744186046515,11.918604651162791,0.2906976744186046,1.744186046511628,31.1046511627907,37.7906976744186,1.162790697674419,0.872093023255814,37759.43800000002,6.433003044128417,0.0377906976744186,32.397994186046496,Thermotoga maritima MSB8,1,0,0,1,1,1,0,1,1,1.040312886238098,7.97958404010986
ADV63232.1,0.6735,26.8826,3.5503,32,192,2269.74,7637.04,0.0625,0.0260416666666666,0.0833333333333333,0.1197916666666666,0.0520833333333333,0.109375,0.0364583333333333,0.0729166666666666,0.0677083333333333,0.0520833333333333,0.015625,0.03125,0.0364583333333333,0.015625,0.0572916666666666,0.046875,0.0364583333333333,0.03125,0.0104166666666666,0.0364583333333333,0.4427083333333333,0.1927083333333333,0.203125,0.1614583333333333,756,21655.7,-8.0,220,144,2,32,16,6,30,18,16,6,32,4,162,31.0,-39.0,5.87,0.6545454545454545,0.1975308641975308,12312.91,575.78,35,E8QZU1,-,390,7.948717948717948,2.307692307692308,4.871794871794872,9.487179487179487,2.051282051282051,9.743589743589745,2.564102564102564,8.974358974358974,5.897435897435897,6.923076923076923,1.5384615384615383,2.051282051282051,4.615384615384616,2.051282051282051,6.923076923076923,5.128205128205128,5.897435897435897,8.205128205128204,0.5128205128205128,2.307692307692308,27.17948717948718,32.05128205128205,2.307692307692308,2.564102564102564,42564.28600000003,6.001197242736816,0.0487179487179487,39.43256410256408,Isosphaera pallida ATCC 43644,1,0,0,1,1,1,0,1,1,2.266449451446533,9.737108906268436
WP_010049453.1,0.6572,25.3158,4.4243,32,184,1779.67,6251.5,0.0978260869565217,0.0326086956521739,0.0869565217391304,0.0815217391304347,0.0597826086956521,0.1032608695652173,0.0217391304347826,0.0760869565217391,0.0326086956521739,0.0380434782608695,0.0217391304347826,0.0380434782608695,0.0434782608695652,0.0271739130434782,0.0489130434782608,0.0217391304347826,0.0815217391304347,0.0380434782608695,0.0108695652173913,0.0380434782608695,0.4891304347826087,0.2391304347826087,0.1684782608695652,0.1032608695652173,690,20296.0,-12.0,197,119,2,22,34,6,18,8,20,4,24,2,140,19.0,-31.0,5.74,0.6040609137055838,0.1571428571428571,10406.0,5348.44,7,A0A2Z3H0P4,-,401,10.972568578553616,1.7456359102244388,5.7356608478803,6.982543640897755,2.244389027431421,7.98004987531172,1.99501246882793,8.478802992518704,4.987531172069826,7.481296758104738,2.244389027431421,2.743142144638404,6.483790523690773,2.244389027431421,7.98004987531172,4.239401496259352,4.987531172069826,8.229426433915211,0.4987531172069825,1.7456359102244388,25.6857855361596,35.16209476309227,1.7456359102244388,1.99501246882793,43582.838300000025,7.622529411315918,0.0448877805486284,40.75236907730672,Gemmata obscuriglobus,1,0,0,1,1,1,0,1,1,2.38026762008667,9.532037237395896
AVM43904.1,0.6412,34.2292,6.3023,25,181,1792.65,6469.8,0.1160220994475138,0.005524861878453,0.0718232044198895,0.0994475138121546,0.0165745856353591,0.0662983425414364,0.0165745856353591,0.1325966850828729,0.0441988950276243,0.1049723756906077,0.0220994475138121,0.0220994475138121,0.0331491712707182,0.0276243093922651,0.0662983425414364,0.0276243093922651,0.0552486187845303,0.0662983425414364,0.0,0.005524861878453,0.5580110497237569,0.143646408839779,0.1712707182320442,0.1270718232044199,659,19725.3,-8.0,176,121,8,20,30,14,18,30,8,6,12,2,148,23.0,-31.0,5.93,0.6875,0.1351351351351351,14045.03,311.88,6,A0A2S0KSC1,-,398,13.316582914572864,1.507537688442211,5.527638190954774,6.030150753768844,2.010050251256281,9.296482412060302,1.0050251256281406,7.2864321608040195,3.7688442211055273,7.788944723618091,2.010050251256281,3.015075376884422,4.773869346733668,2.512562814070352,10.552763819095476,5.527638190954774,4.271356783919598,8.542713567839195,0.0,1.256281407035176,25.879396984924625,36.93467336683417,1.507537688442211,1.0050251256281406,42509.41270000001,9.544560432434082,0.0326633165829145,40.82587939698492,Victivallales bacterium CCUG 44730,1,0,0,1,1,1,0,1,1,1.0774283409118652,8.035562005186488
EEA90248.1,0.6887,26.8931,1.7354,32,208,2635.05,6737.42,0.0961538461538461,0.0384615384615384,0.0961538461538461,0.0721153846153846,0.048076923076923,0.1009615384615384,0.0192307692307692,0.0528846153846153,0.0288461538461538,0.0432692307692307,0.0192307692307692,0.0288461538461538,0.0432692307692307,0.0240384615384615,0.0528846153846153,0.0336538461538461,0.0769230769230769,0.0817307692307692,0.0144230769230769,0.0288461538461538,0.5,0.2307692307692307,0.1682692307692307,0.1009615384615384,755,22630.6,-14.0,218,131,4,26,58,8,28,30,22,14,26,4,220,21.0,-35.0,5.74,0.6009174311926605,0.1181818181818181,14545.08,1169.91,21,B6GBY4,-,353,10.764872521246458,3.1161473087818696,6.515580736543909,6.232294617563739,1.69971671388102,10.198300283286118,1.69971671388102,6.515580736543909,2.549575070821529,8.21529745042493,1.69971671388102,1.41643059490085,5.6657223796034,2.549575070821529,6.515580736543909,5.382436260623229,5.6657223796034,12.46458923512748,0.56657223796034,0.56657223796034,21.813031161473088,37.96033994334277,3.1161473087818696,1.69971671388102,36921.040700000034,4.9741735458374015,0.0283286118980169,29.51246458923512,Collinsella stercoris DSM 13279,1,0,0,1,1,1,0,1,1,1.14214289188385,8.440265476630179
ACU53587.1,0.6735,25.7269,2.5157,31,307,3165.85,10288.62,0.1400651465798045,0.009771986970684,0.0716612377850162,0.0944625407166123,0.0325732899022801,0.0814332247557003,0.0260586319218241,0.0684039087947882,0.0260586319218241,0.0977198697068403,0.01628664495114,0.0260586319218241,0.0390879478827361,0.0358306188925081,0.0651465798045602,0.0260586319218241,0.0488599348534201,0.0618892508143322,0.006514657980456,0.0260586319218241,0.5439739413680782,0.1726384364820846,0.1661237785016286,0.1172638436482084,1129,33479.4,-15.0,304,203,12,38,50,30,36,24,34,30,16,6,276,36.0,-51.0,5.87,0.6677631578947368,0.1376811594202898,19408.58,260.51,26,C7LXX9,+,395,16.962025316455694,1.0126582278481011,4.556962025316456,8.60759493670886,1.7721518987341771,9.620253164556962,1.7721518987341771,5.5696202531645564,2.278481012658228,9.873417721518988,2.0253164556962027,1.7721518987341771,5.822784810126582,3.037974683544304,8.354430379746836,2.7848101265822782,4.050632911392405,9.113924050632912,0.0,1.0126582278481011,23.79746835443038,41.51898734177215,1.0126582278481011,1.7721518987341771,41439.09660000005,5.376934623718263,0.0278481012658227,34.29772151898733,Acidimicrobium ferrooxidans DSM 10331,1,0,0,1,1,1,0,1,1,1.318571925163269,8.583195844945697
WP_131153948.1,0.6818,26.7366,0.0,32,237,2514.66,8360.55,0.0928270042194092,0.0126582278481012,0.0886075949367088,0.0843881856540084,0.0295358649789029,0.0843881856540084,0.0464135021097046,0.0548523206751054,0.0421940928270042,0.0464135021097046,0.0210970464135021,0.0210970464135021,0.0464135021097046,0.0379746835443038,0.0632911392405063,0.0464135021097046,0.0632911392405063,0.0717299578059071,0.0210970464135021,0.0253164556962025,0.4683544303797468,0.2067510548523206,0.1729957805907173,0.1518987341772152,912,26412.2,-5.0,261,181,14,22,30,16,30,10,26,24,28,4,204,36.0,-41.0,5.91,0.6934865900383141,0.1078431372549019,14775.6,-45.23,9,A0A411YCI6,-,395,13.164556962025316,1.0126582278481011,6.582278481012659,7.59493670886076,1.0126582278481011,9.367088607594935,2.5316455696202533,5.822784810126582,3.5443037974683547,7.59493670886076,2.0253164556962027,1.7721518987341771,6.582278481012659,3.2911392405063293,5.822784810126582,4.30379746835443,4.050632911392405,12.151898734177214,0.5063291139240507,1.2658227848101269,23.54430379746836,38.734177215189874,1.0126582278481011,2.5316455696202533,41530.86380000005,4.964283561706543,0.0278481012658227,33.139493670886075,Egibacter rhizosphaerae,1,0,0,1,1,1,0,1,1,1.322465896606445,8.516071703302863
AAT83253.1,0.6901,27.1641,0.0,32,245,2500.21,9138.12,0.0897959183673469,0.0163265306122449,0.0938775510204081,0.0775510204081632,0.036734693877551,0.0653061224489796,0.0326530612244898,0.0571428571428571,0.0693877551020408,0.0448979591836734,0.0204081632653061,0.0285714285714285,0.0408163265306122,0.036734693877551,0.0448979591836734,0.0489795918367346,0.073469387755102,0.0857142857142857,0.0122448979591836,0.0244897959183673,0.4530612244897959,0.2285714285714285,0.1714285714285714,0.1469387755102041,932,27202.5,-6.0,274,185,4,20,26,6,30,12,28,26,26,2,180,36.0,-42.0,5.89,0.6751824817518248,0.1111111111111111,12964.45,205.24,62,Q6A7L2,+,380,10.789473684210527,2.368421052631579,6.052631578947368,6.315789473684211,2.631578947368421,9.210526315789473,2.368421052631579,7.368421052631578,4.736842105263158,7.368421052631578,2.1052631578947367,2.368421052631579,5.263157894736842,3.947368421052632,4.736842105263158,4.2105263157894735,6.052631578947368,10.526315789473683,0.2631578947368421,1.3157894736842104,21.842105263157897,36.05263157894737,2.368421052631579,2.368421052631579,40390.97410000002,5.35567684173584,0.0421052631578947,27.649736842105263,Cutibacterium acnes KPA171202,1,0,0,1,1,1,0,1,1,1.195595383644104,7.525675280593089
WP_015771297.1,0.6818,27.0315,0.0,32,172,1587.71,5939.5,0.1104651162790697,0.0,0.0755813953488372,0.0697674418604651,0.0232558139534883,0.063953488372093,0.0406976744186046,0.0930232558139534,0.0697674418604651,0.0813953488372093,0.0174418604651162,0.0348837209302325,0.0348837209302325,0.0290697674418604,0.0406976744186046,0.0465116279069767,0.0523255813953488,0.0813953488372093,0.0116279069767441,0.0232558139534883,0.5174418604651163,0.1860465116279069,0.1453488372093023,0.1511627906976744,646,18921.4,1.0,167,123,0,12,20,22,8,26,20,6,12,6,132,26.0,-25.0,5.99,0.7365269461077845,0.0909090909090909,12063.99,-15.48,27,C7R3D3,-,383,12.532637075718014,1.3054830287206265,4.960835509138381,6.266318537859007,2.088772845953003,8.616187989556137,1.3054830287206265,6.78851174934726,6.005221932114883,6.78851174934726,2.088772845953003,2.349869451697128,6.78851174934726,3.133159268929504,4.43864229765013,6.266318537859007,5.221932114882506,11.22715404699739,0.5221932114882507,1.3054830287206265,21.671018276762403,37.33681462140992,1.3054830287206265,1.3054830287206265,40165.84940000001,6.043542289733887,0.0391644908616188,31.14412532637076,Jonesia denitrificans,1,0,0,1,1,1,0,1,1,1.1893677711486816,9.003567912042813
CAB91132.1,0.686,25.5674,0.0,32,230,2180.74,8332.27,0.1043478260869565,0.017391304347826,0.1,0.0739130434782608,0.0434782608695652,0.0695652173913043,0.017391304347826,0.0739130434782608,0.0521739130434782,0.0391304347826087,0.0130434782608695,0.0260869565217391,0.0565217391304347,0.0521739130434782,0.0434782608695652,0.0478260869565217,0.0695652173913043,0.0608695652173913,0.0130434782608695,0.0260869565217391,0.4739130434782608,0.2391304347826087,0.1739130434782608,0.1130434782608695,862,25317.4,-14.0,260,162,12,10,14,8,30,8,40,20,22,2,166,26.0,-40.0,5.79,0.6230769230769231,0.0602409638554216,14922.24,25.52,69,Q9KYR9,-,385,11.688311688311687,1.818181818181818,5.194805194805195,7.272727272727272,2.0779220779220777,8.831168831168831,1.2987012987012987,7.272727272727272,5.194805194805195,6.753246753246753,2.0779220779220777,1.818181818181818,5.454545454545454,5.194805194805195,5.194805194805195,5.974025974025974,4.675324675324675,10.649350649350648,0.2597402597402597,1.2987012987012987,22.857142857142858,36.36363636363637,1.818181818181818,1.2987012987012987,40795.34700000001,5.362383842468262,0.0363636363636363,34.46285714285713,Streptomyces coelicolor A3(2),1,0,0,1,1,1,0,1,1,1.564038872718811,7.604780083052072
AEW97312.1,0.6763,26.2925,0.0,32,235,2266.48,7811.13,0.1148936170212766,0.0170212765957446,0.0723404255319148,0.0808510638297872,0.0468085106382978,0.0680851063829787,0.0212765957446808,0.0680851063829787,0.0553191489361702,0.0468085106382978,0.0170212765957446,0.025531914893617,0.0468085106382978,0.051063829787234,0.0425531914893617,0.0468085106382978,0.0638297872340425,0.0723404255319148,0.0127659574468085,0.0297872340425531,0.4936170212765957,0.2340425531914893,0.1531914893617021,0.1191489361702127,885,25920.4,-8.0,244,166,8,12,34,10,38,10,34,20,22,0,188,28.0,-36.0,5.86,0.680327868852459,0.0638297872340425,18374.43,457.21,38,F8JZL2,-,385,13.506493506493506,2.0779220779220777,4.935064935064935,6.753246753246753,2.0779220779220777,8.831168831168831,1.0389610389610389,6.753246753246753,4.675324675324675,7.532467532467532,1.818181818181818,1.818181818181818,5.194805194805195,4.675324675324675,5.194805194805195,5.454545454545454,4.415584415584416,11.688311688311687,0.2597402597402597,1.2987012987012987,21.55844155844156,39.48051948051948,2.0779220779220777,1.0389610389610389,40379.08940000002,5.354881095886231,0.0363636363636363,37.17506493506493,Streptantibioticus cattleyicolor NRRL 8057 = DSM 46488,1,0,0,1,1,1,0,1,1,1.5681817531585691,8.991214533731593
AAC07467.1,0.6972,32.3235,2.9442,32,198,2374.52,6843.58,0.0959595959595959,0.0353535353535353,0.0757575757575757,0.101010101010101,0.0404040404040404,0.0959595959595959,0.0252525252525252,0.0808080808080808,0.0656565656565656,0.0404040404040404,0.0252525252525252,0.0303030303030303,0.0454545454545454,0.0202020202020202,0.0404040404040404,0.0303030303030303,0.0353535353535353,0.0606060606060606,0.0252525252525252,0.0303030303030303,0.51010101010101,0.1818181818181818,0.1767676767676767,0.1313131313131313,754,22019.4,-9.0,197,128,4,26,46,22,44,20,24,4,16,6,212,26.0,-35.0,5.84,0.649746192893401,0.1226415094339622,11838.69,706.49,42,O67496,+,357,7.002801120448179,1.400560224089636,4.201680672268908,9.803921568627452,1.96078431372549,9.523809523809524,1.680672268907563,8.683473389355742,8.683473389355742,7.002801120448179,2.5210084033613445,3.081232492997199,3.6414565826330536,1.96078431372549,5.602240896358544,5.042016806722689,4.201680672268908,11.204481792717088,0.8403361344537815,1.96078431372549,28.291316526610643,33.89355742296919,1.400560224089636,1.680672268907563,39127.982400000015,7.617982292175294,0.0476190476190476,36.8016806722689,Aquifex aeolicus VF5,1,0,0,1,1,1,0,1,1,3.849092960357666,7.46986348214282
ACE82628.1,0.8101,17.3379,0.0,32,193,2037.28,8040.14,0.077720207253886,0.0155440414507772,0.077720207253886,0.0880829015544041,0.0310880829015544,0.0984455958549222,0.0259067357512953,0.0984455958549222,0.0518134715025906,0.082901554404145,0.0155440414507772,0.0466321243523316,0.0466321243523316,0.0259067357512953,0.0466321243523316,0.0414507772020725,0.0518134715025906,0.0466321243523316,0.0103626943005181,0.0207253886010362,0.5077720207253886,0.2020725388601036,0.1658031088082901,0.1243523316062176,716,21160.5,-8.0,201,132,4,16,14,28,10,34,10,4,12,14,146,24.0,-32.0,5.86,0.6567164179104478,0.1095890410958904,10722.27,1128.26,20,B3PDM1,-,374,10.962566844919785,1.3368983957219251,6.417112299465241,5.88235294117647,1.8716577540106951,8.02139037433155,1.06951871657754,9.090909090909092,5.614973262032086,9.090909090909092,2.13903743315508,4.81283422459893,4.27807486631016,3.2085561497326207,6.684491978609626,4.545454545454546,4.010695187165775,9.358288770053475,0.267379679144385,1.3368983957219251,24.598930481283425,38.50267379679144,1.3368983957219251,1.06951871657754,40295.161600000014,6.921022605895996,0.03475935828877,38.28077540106952,Cellvibrio japonicus Ueda107,1,0,0,1,1,1,0,1,1,0.3552539348602295,10.897058276503518
WP_011044983.1,0.8596,8.8555,0.0,32,177,1677.4,6398.22,0.0508474576271186,0.0338983050847457,0.0903954802259887,0.0790960451977401,0.0451977401129943,0.1016949152542373,0.0225988700564971,0.0790960451977401,0.03954802259887,0.0451977401129943,0.0169491525423728,0.0451977401129943,0.0338983050847457,0.03954802259887,0.0508474576271186,0.0677966101694915,0.0677966101694915,0.0338983050847457,0.0112994350282485,0.0451977401129943,0.4180790960451977,0.2994350282485876,0.1694915254237288,0.1129943502824858,680,19772.2,-10.0,210,134,2,30,12,2,20,6,24,8,16,4,124,20.0,-30.0,5.76,0.638095238095238,0.2419354838709677,11484.88,373.52,56,Q47WC0,-,376,7.446808510638298,1.3297872340425532,7.180851063829788,6.648936170212766,2.393617021276596,7.180851063829788,0.7978723404255319,9.574468085106384,5.851063829787234,8.77659574468085,2.393617021276596,4.787234042553192,3.723404255319149,3.191489361702128,6.648936170212766,7.180851063829788,4.25531914893617,9.042553191489365,0.0,1.5957446808510638,26.329787234042552,34.840425531914896,1.3297872340425532,0.7978723404255319,41117.81220000005,5.537732124328612,0.0398936170212766,38.06249999999999,Colwellia,1,0,0,1,1,1,0,1,1,0.3427284359931946,11.186644026120202
ABK39186.1,0.8767,6.1744,1.7801,32,199,2129.24,6745.02,0.0904522613065326,0.0301507537688442,0.0854271356783919,0.0854271356783919,0.0452261306532663,0.0954773869346733,0.0201005025125628,0.0603015075376884,0.0402010050251256,0.0452261306532663,0.0150753768844221,0.050251256281407,0.0301507537688442,0.0301507537688442,0.0603015075376884,0.0603015075376884,0.0552763819095477,0.050251256281407,0.0100502512562814,0.0402010050251256,0.4422110552763819,0.2663316582914573,0.1708542713567839,0.1206030150753768,749,21997.8,-10.0,226,153,2,30,46,4,26,22,24,6,26,6,192,24.0,-34.0,5.81,0.6769911504424779,0.15625,14918.68,13303.79,11,A0KJ44,+,371,9.973045822102426,1.3477088948787064,6.46900269541779,7.008086253369273,2.6954177897574128,8.355795148247978,1.3477088948787064,9.973045822102426,4.043126684636119,7.816711590296496,2.15633423180593,4.043126684636119,4.31266846361186,3.5040431266846364,7.816711590296496,4.851752021563343,3.7735849056603774,8.62533692722372,0.0,1.8867924528301887,25.336927223719677,36.38814016172507,1.3477088948787064,1.3477088948787064,40406.95010000004,5.583658027648925,0.045822102425876,34.5056873315364,Aeromonas hydrophila subsp. hydrophila ATCC 7966,1,0,0,1,1,1,0,1,1,0.3028945922851562,11.065195253220743
AAC75568.1,1.0,0.0,0.0,32,193,2140.95,6973.9,0.0673575129533678,0.0259067357512953,0.0932642487046632,0.077720207253886,0.0414507772020725,0.0984455958549222,0.0259067357512953,0.0621761658031088,0.0518134715025906,0.0414507772020725,0.0259067357512953,0.0569948186528497,0.0310880829015544,0.0259067357512953,0.0673575129533678,0.0466321243523316,0.0621761658031088,0.0518134715025906,0.0103626943005181,0.0362694300518134,0.4300518134715025,0.2538860103626943,0.1709844559585492,0.1450777202072538,744,21610.3,-5.0,218,162,4,30,32,4,16,22,26,6,24,4,168,28.0,-33.0,5.89,0.7431192660550459,0.1785714285714285,14029.96,122.73,44,P62620,+,372,8.60215053763441,1.3440860215053765,7.526881720430108,6.182795698924731,2.1505376344086025,7.795698924731183,1.3440860215053765,8.60215053763441,5.10752688172043,8.60215053763441,1.881720430107527,4.56989247311828,3.763440860215054,4.56989247311828,7.526881720430108,5.10752688172043,4.032258064516129,9.67741935483871,0.0,1.6129032258064515,26.344086021505376,35.483870967741936,1.3440860215053765,1.3440860215053765,40683.13390000003,5.870865440368651,0.0376344086021505,29.504301075268817,Escherichia coli str. K-12 substr. MG1655,1,1,0,1,1,1,1,1,1,0.0,11.161816723376758
WP_013026734.1,0.9447,2.2566,0.0,32,172,1869.67,6689.45,0.063953488372093,0.0232558139534883,0.0988372093023255,0.0813953488372093,0.0523255813953488,0.0988372093023255,0.0290697674418604,0.0581395348837209,0.0348837209302325,0.0290697674418604,0.0174418604651162,0.0523255813953488,0.0348837209302325,0.0348837209302325,0.0697674418604651,0.0581395348837209,0.0697674418604651,0.0406976744186046,0.0116279069767441,0.0406976744186046,0.4069767441860465,0.2790697674418604,0.1802325581395348,0.1337209302325581,673,19346.0,-8.0,210,144,0,38,18,2,14,8,26,6,16,6,134,23.0,-31.0,5.81,0.6857142857142857,0.2835820895522388,12542.53,175.98,33,D4GK57,+,378,9.25925925925926,1.3227513227513228,7.142857142857142,6.084656084656085,2.380952380952381,7.4074074074074066,1.3227513227513228,8.73015873015873,4.761904761904762,8.201058201058201,2.1164021164021163,4.761904761904762,3.7037037037037033,4.497354497354497,8.201058201058201,4.497354497354497,4.232804232804233,9.523809523809524,0.2645502645502645,1.5873015873015872,26.190476190476197,35.714285714285715,1.3227513227513228,1.3227513227513228,41570.24530000004,6.56310749053955,0.0423280423280423,32.13626984126984,Pantoea ananatis,1,0,0,1,1,1,0,1,1,0.263449877500534,11.128988836244098
EAU54713.1,0.7436,17.8077,4.1689,32,185,1944.77,6853.72,0.081081081081081,0.0216216216216216,0.081081081081081,0.081081081081081,0.0378378378378378,0.0702702702702702,0.027027027027027,0.0756756756756756,0.0594594594594594,0.0432432432432432,0.0432432432432432,0.0432432432432432,0.0486486486486486,0.027027027027027,0.0432432432432432,0.0594594594594594,0.054054054054054,0.0486486486486486,0.0108108108108108,0.0432432432432432,0.4594594594594595,0.2486486486486486,0.1621621621621621,0.1297297297297297,715,20766.5,-6.0,201,135,0,26,26,4,26,20,26,12,12,6,158,24.0,-30.0,5.85,0.6716417910447762,0.1645569620253164,9762.48,5088.85,46,Q0EZJ1,-,368,10.869565217391305,1.0869565217391304,6.25,7.608695652173914,1.358695652173913,8.695652173913043,2.717391304347826,7.608695652173914,5.706521739130435,7.880434782608696,3.260869565217391,3.260869565217391,3.532608695652174,2.4456521739130435,5.978260869565218,5.978260869565218,3.804347826086957,10.326086956521738,0.0,1.6304347826086956,25.543478260869566,36.684782608695656,1.0869565217391304,2.717391304347826,39482.91160000003,5.753095054626464,0.029891304347826,31.0508152173913,Mariprofundus ferrooxydans PV-1,1,0,0,1,1,1,0,1,1,0.5147678256034851,10.667529605595712
WP_011281768.1,0.7259,19.527,0.0,31,170,1653.17,6448.96,0.0588235294117647,0.0411764705882352,0.0941176470588235,0.0941176470588235,0.0411764705882352,0.1,0.0294117647058823,0.088235294117647,0.0470588235294117,0.0588235294117647,0.0058823529411764,0.0470588235294117,0.0352941176470588,0.0352941176470588,0.0294117647058823,0.0647058823529411,0.0470588235294117,0.0294117647058823,0.0117647058823529,0.0411764705882352,0.4294117647058823,0.2764705882352941,0.188235294117647,0.1058823529411764,643,18836.2,-14.0,206,110,2,24,24,0,26,12,12,4,20,0,124,18.0,-32.0,5.65,0.5339805825242718,0.1935483870967742,7643.13,215.02,58,Q4FNA0,-,366,6.284153005464481,1.912568306010929,6.830601092896176,6.284153005464481,2.185792349726776,7.650273224043716,2.185792349726776,12.021857923497269,9.01639344262295,8.743169398907105,1.366120218579235,4.918032786885246,3.278688524590164,2.459016393442623,3.825136612021858,8.743169398907105,4.098360655737705,6.830601092896176,0.0,1.366120218579235,25.956284153005463,33.87978142076503,1.912568306010929,2.185792349726776,39735.3639,6.722256660461426,0.0355191256830601,33.309562841530045,Candidatus Pelagibacter communis,1,0,0,1,1,1,0,1,1,0.674104630947113,11.081582217095828
WP_141919126.1,0.7347,20.3667,4.6372,31,188,1991.99,6811.25,0.0691489361702127,0.0319148936170212,0.0744680851063829,0.101063829787234,0.0425531914893617,0.1117021276595744,0.0372340425531914,0.0478723404255319,0.0425531914893617,0.0425531914893617,0.0159574468085106,0.0425531914893617,0.0425531914893617,0.0212765957446808,0.0425531914893617,0.0691489361702127,0.0744680851063829,0.0478723404255319,0.0106382978723404,0.0319148936170212,0.4308510638297872,0.2712765957446808,0.175531914893617,0.1223404255319148,689,20530.6,-10.0,223,130,2,32,34,2,20,12,12,2,24,2,142,23.0,-33.0,5.75,0.5829596412556054,0.2253521126760563,10635.83,1917.23,59,Q5NR50,+,377,13.262599469496022,2.3872679045092835,6.10079575596817,6.896551724137931,1.5915119363395225,8.488063660477453,2.9177718832891246,6.631299734748011,6.36604774535809,8.488063660477453,1.326259946949602,2.3872679045092835,3.4482758620689653,1.8567639257294428,5.570291777188329,5.570291777188329,4.774535809018567,10.344827586206897,0.5305039787798408,1.0610079575596816,24.93368700265252,38.726790450928384,2.3872679045092835,2.9177718832891246,39909.42590000006,6.284482765197754,0.0318302387267904,35.203448275862065,Zymomonas mobilis,1,0,0,1,1,1,0,1,1,0.7124365568161011,10.891349987169978
WP_011444079.1,0.7259,20.6592,6.0226,31,226,2612.61,7259.56,0.0663716814159292,0.0221238938053097,0.084070796460177,0.0884955752212389,0.0309734513274336,0.0973451327433628,0.0530973451327433,0.0707964601769911,0.0442477876106194,0.0929203539823008,0.0088495575221238,0.0265486725663716,0.0309734513274336,0.0265486725663716,0.0530973451327433,0.0486725663716814,0.0486725663716814,0.0663716814159292,0.0088495575221238,0.0309734513274336,0.4734513274336283,0.2035398230088495,0.1725663716814159,0.1504424778761062,863,25094.8,-5.0,243,157,2,30,36,24,26,50,14,6,26,10,224,34.0,-39.0,5.88,0.6460905349794238,0.1339285714285714,10922.02,856.97,52,Q2GBA8,-,374,13.101604278074866,2.406417112299465,5.614973262032086,7.4866310160427805,1.6042780748663104,9.090909090909092,2.941176470588235,6.417112299465241,3.7433155080213902,8.288770053475936,1.8716577540106951,2.13903743315508,3.7433155080213902,2.13903743315508,6.684491978609626,5.88235294117647,5.080213903743315,9.893048128342247,0.53475935828877,1.3368983957219251,23.52941176470588,37.70053475935829,2.406417112299465,2.941176470588235,39623.83460000006,5.614748954772949,0.03475935828877,40.1350267379679,Novosphingobium aromaticivorans,1,0,0,1,1,1,0,1,1,0.657356321811676,9.98861938863729
WP_034962069.1,0.7244,20.4068,6.0226,31,188,2026.15,6566.05,0.0691489361702127,0.0319148936170212,0.0744680851063829,0.101063829787234,0.0372340425531914,0.1063829787234042,0.0319148936170212,0.0531914893617021,0.0478723404255319,0.0531914893617021,0.0212765957446808,0.0425531914893617,0.0372340425531914,0.0212765957446808,0.0425531914893617,0.0691489361702127,0.0638297872340425,0.0478723404255319,0.0106382978723404,0.0372340425531914,0.4361702127659574,0.2659574468085106,0.175531914893617,0.1223404255319148,696,20652.1,-10.0,219,131,2,32,34,2,22,14,18,6,26,2,158,23.0,-33.0,5.77,0.5981735159817352,0.2025316455696202,10669.7,8009.67,0,A0A074M239,-,380,11.578947368421051,2.8947368421052637,5.263157894736842,8.68421052631579,1.8421052631578945,9.473684210526317,3.1578947368421053,7.105263157894736,5.263157894736842,7.631578947368421,2.1052631578947367,2.1052631578947367,3.947368421052632,1.3157894736842104,5.789473684210527,5.789473684210527,5.0,9.210526315789473,0.5263157894736842,1.3157894736842104,25.0,35.526315789473685,2.8947368421052637,3.1578947368421053,40462.92510000005,5.623445320129394,0.0368421052631579,42.85078947368419,Erythrobacter longus,1,0,0,1,1,1,0,1,1,0.6885380148887634,9.908534477906828
WP_068350622.1,0.7259,21.2662,6.0226,31,173,1702.14,5907.85,0.0635838150289017,0.0404624277456647,0.0809248554913294,0.1040462427745664,0.0462427745664739,0.1156069364161849,0.0404624277456647,0.0462427745664739,0.0346820809248554,0.0578034682080924,0.0173410404624277,0.0404624277456647,0.0346820809248554,0.0289017341040462,0.0346820809248554,0.0751445086705202,0.0520231213872832,0.0346820809248554,0.0115606936416184,0.0404624277456647,0.4277456647398844,0.2774566473988439,0.1849710982658959,0.1098265895953757,643,19030.0,-13.0,210,110,0,34,24,2,22,6,12,6,16,2,124,19.0,-32.0,5.65,0.5238095238095238,0.2741935483870967,9203.66,400.92,2,A0A192D497,-,382,11.518324607329845,2.356020942408377,5.49738219895288,8.115183246073299,1.5706806282722512,9.424083769633508,3.4031413612565444,7.591623036649215,4.712041884816754,7.853403141361256,2.094240837696335,2.356020942408377,4.18848167539267,1.832460732984293,6.282722513089005,5.49738219895288,5.49738219895288,8.115183246073299,0.5235602094240838,1.5706806282722512,24.60732984293194,35.07853403141361,2.356020942408377,3.4031413612565444,40848.21970000006,5.759063148498535,0.0366492146596858,42.83769633507851,Erythrobacter neustonensis,1,0,0,1,1,1,0,1,1,0.6672806739807129,9.952187690049938
ABA79143.1,0.7406,18.6816,3.5156,31,182,1867.64,6489.82,0.0769230769230769,0.0329670329670329,0.0879120879120879,0.0769230769230769,0.0439560439560439,0.1263736263736263,0.0384615384615384,0.0659340659340659,0.0384615384615384,0.0384615384615384,0.0219780219780219,0.0384615384615384,0.0329670329670329,0.0274725274725274,0.0384615384615384,0.0714285714285714,0.0494505494505494,0.0439560439560439,0.0109890109890109,0.0384615384615384,0.4615384615384615,0.2582417582417582,0.1648351648351648,0.1153846153846153,658,19752.2,-9.0,202,118,2,24,26,4,32,8,18,10,22,0,146,21.0,-30.0,5.75,0.5841584158415841,0.1643835616438356,9813.3,174.77,54,Q3J241,-,377,13.79310344827586,1.5915119363395225,5.305039787798409,6.896551724137931,1.5915119363395225,9.283819628647215,3.183023872679045,7.957559681697612,4.244031830238726,7.427055702917771,2.6525198938992043,2.9177718832891246,3.7135278514588856,1.8567639257294428,5.570291777188329,6.896551724137931,4.509283819628647,8.753315649867375,0.5305039787798408,1.326259946949602,22.015915119363395,37.93103448275862,1.5915119363395225,3.183023872679045,39676.93340000005,5.771113014221191,0.0344827586206896,37.21326259946949,Cereibacter sphaeroides 2.4.1,1,0,0,1,1,1,0,1,1,0.5701643228530884,11.141377611804453
WP_011455057.1,0.7451,16.7482,3.5156,31,189,2129.11,6211.64,0.0846560846560846,0.0317460317460317,0.0846560846560846,0.074074074074074,0.0423280423280423,0.1111111111111111,0.037037037037037,0.0582010582010582,0.0423280423280423,0.0529100529100529,0.0264550264550264,0.037037037037037,0.0317460317460317,0.0264550264550264,0.0423280423280423,0.0687830687830687,0.0582010582010582,0.0423280423280423,0.0105820105820105,0.037037037037037,0.4603174603174603,0.2592592592592592,0.1587301587301587,0.1216931216931216,690,20624.4,-7.0,206,128,4,22,44,4,32,18,20,6,26,2,178,23.0,-30.0,5.8,0.6213592233009708,0.1235955056179775,10550.08,9463.29,51,Q28R10,-,377,11.93633952254642,1.8567639257294428,5.835543766578249,6.896551724137931,2.3872679045092835,9.283819628647215,3.4482758620689653,8.222811671087534,5.039787798408488,5.305039787798409,3.978779840848806,3.4482758620689653,3.978779840848806,3.4482758620689653,5.039787798408488,5.835543766578249,4.244031830238726,8.222811671087534,0.5305039787798408,1.0610079575596816,22.81167108753316,33.687002652519894,1.8567639257294428,3.4482758620689653,40310.63610000004,5.739624214172364,0.039787798408488,44.28753315649868,Jannaschia sp. CCS1,1,0,0,1,1,1,0,1,1,0.74854975938797,11.11064977846252
ADU96577.1,0.6929,26.8729,5.1854,32,203,2361.91,7686.43,0.0985221674876847,0.0295566502463054,0.0689655172413793,0.0886699507389162,0.0541871921182266,0.0935960591133004,0.0246305418719211,0.0689655172413793,0.0689655172413793,0.0492610837438423,0.0197044334975369,0.0295566502463054,0.0492610837438423,0.0246305418719211,0.0344827586206896,0.0295566502463054,0.0492610837438423,0.0738916256157635,0.0098522167487684,0.0344827586206896,0.5172413793103449,0.1970443349753694,0.1576354679802955,0.1280788177339901,758,22326.8,-6.0,194,129,2,20,42,14,68,10,18,8,18,2,202,26.0,-32.0,5.87,0.6649484536082474,0.099009900990099,10199.52,2144.34,36,E8T5Z3,-,356,9.550561797752808,1.6853932584269662,2.808988764044944,10.112359550561797,2.808988764044944,9.269662921348315,1.9662921348314608,6.460674157303371,7.303370786516854,8.146067415730338,1.4044943820224718,2.528089887640449,3.932584269662921,1.4044943820224718,5.617977528089887,5.8988764044943816,3.932584269662921,12.921348314606742,0.8426966292134831,1.4044943820224718,25.842696629213485,37.07865168539326,1.6853932584269662,1.9662921348314608,38369.05610000001,7.058800315856933,0.0505617977528089,27.065168539325835,Thermovibrio ammonificans HB-1,1,0,0,1,1,1,0,1,1,1.3809095621109009,8.884856497756957
BAD40486.1,0.7157,25.795,2.0082,32,188,2195.35,6676.07,0.0904255319148936,0.0372340425531914,0.0797872340425532,0.101063829787234,0.0478723404255319,0.0957446808510638,0.0159574468085106,0.0531914893617021,0.0531914893617021,0.0425531914893617,0.0319148936170212,0.0319148936170212,0.0319148936170212,0.0212765957446808,0.0531914893617021,0.026595744680851,0.0531914893617021,0.0797872340425532,0.0159574468085106,0.0372340425531914,0.4893617021276595,0.2074468085106383,0.1808510638297872,0.1223404255319148,716,20956.8,-11.0,196,128,6,26,40,6,18,18,28,8,22,6,178,23.0,-34.0,5.8,0.6530612244897959,0.146067415730337,11625.59,232.3,61,Q67PA7,-,370,8.91891891891892,2.4324324324324325,4.594594594594595,10.27027027027027,1.6216216216216215,10.0,1.6216216216216215,8.108108108108109,5.675675675675676,6.756756756756757,2.1621621621621623,2.1621621621621623,3.5135135135135136,1.891891891891892,7.837837837837839,3.5135135135135136,4.324324324324325,12.162162162162163,0.2702702702702703,2.1621621621621623,28.37837837837838,35.945945945945944,2.4324324324324325,1.6216216216216215,40240.08680000002,5.863135337829589,0.0405405405405405,37.54648648648647,Symbiobacterium thermophilum IAM 14863,1,0,0,1,1,1,0,1,1,0.6667302846908569,11.060134312630725
CAB14437.1,0.6986,28.723,10.5744,32,245,2494.65,8548.66,0.0857142857142857,0.0285714285714285,0.0693877551020408,0.1061224489795918,0.0326530612244898,0.073469387755102,0.0285714285714285,0.0938775510204081,0.0571428571428571,0.0530612244897959,0.0163265306122449,0.0285714285714285,0.036734693877551,0.0204081632653061,0.0489795918367346,0.0571428571428571,0.0612244897959183,0.0653061224489796,0.0081632653061224,0.0285714285714285,0.4653061224489795,0.2244897959183673,0.1755102040816326,0.1346938775510204,922,27112.5,-10.0,268,171,10,28,30,14,40,14,26,18,18,8,206,33.0,-43.0,5.85,0.6380597014925373,0.1359223300970873,13041.89,4425.56,43,P54482,-,377,12.20159151193634,1.326259946949602,4.509283819628647,9.814323607427056,1.5915119363395225,7.957559681697612,2.122015915119363,10.610079575596815,9.283819628647215,7.6923076923076925,1.5915119363395225,3.183023872679045,3.4482758620689653,1.0610079575596816,4.774535809018567,4.509283819628647,4.774535809018567,7.6923076923076925,0.0,1.8567639257294428,28.381962864721483,38.196286472148536,1.326259946949602,2.122015915119363,40582.57799999999,6.740956687927247,0.0344827586206896,26.828647214854108,Bacillus subtilis subsp. subtilis str. 168,1,0,0,1,1,1,0,1,1,0.679141640663147,9.270782611951429
ABO67748.1,0.7,28.0239,6.4055,32,204,1995.06,8217.76,0.1029411764705882,0.034313725490196,0.0735294117647058,0.088235294117647,0.0490196078431372,0.0931372549019607,0.0294117647058823,0.0784313725490196,0.0539215686274509,0.0588235294117647,0.0098039215686274,0.0294117647058823,0.0392156862745098,0.0147058823529411,0.0637254901960784,0.0392156862745098,0.0637254901960784,0.0294117647058823,0.0098039215686274,0.0392156862745098,0.4705882352941176,0.2205882352941176,0.1617647058823529,0.1470588235294117,777,22647.5,-3.0,206,153,6,24,18,6,16,16,20,6,24,2,138,30.0,-33.0,5.94,0.7427184466019418,0.1739130434782608,10498.7,909.39,15,A4IQZ4,-,374,11.497326203208557,1.3368983957219251,4.27807486631016,10.16042780748663,1.8716577540106951,8.288770053475936,2.13903743315508,11.76470588235294,8.02139037433155,7.219251336898395,1.06951871657754,2.941176470588235,3.475935828877005,1.3368983957219251,6.149732620320856,4.27807486631016,4.27807486631016,7.754010695187167,0.0,2.13903743315508,28.609625668449198,38.23529411764706,1.3368983957219251,2.13903743315508,40579.50090000001,6.745162773132326,0.0401069518716577,35.59839572192514,Geobacillus thermodenitrificans NG80-2,1,0,0,1,1,1,0,1,1,0.7294220924377441,9.576475064146276
WP_006317886.1,0.7043,29.4668,10.5744,32,186,1950.59,7620.2,0.0913978494623656,0.0268817204301075,0.0967741935483871,0.1021505376344086,0.043010752688172,0.0913978494623656,0.0376344086021505,0.075268817204301,0.064516129032258,0.053763440860215,0.010752688172043,0.0376344086021505,0.0376344086021505,0.021505376344086,0.064516129032258,0.021505376344086,0.0376344086021505,0.043010752688172,0.010752688172043,0.032258064516129,0.4569892473118279,0.1774193548387097,0.1989247311827957,0.1666666666666666,730,20940.7,-6.0,205,144,8,30,26,6,18,10,14,4,14,6,136,31.0,-37.0,5.9,0.7024390243902439,0.2205882352941176,10333.55,272.24,22,B7GH89,+,364,12.362637362637363,1.3736263736263736,4.945054945054945,9.065934065934066,1.6483516483516485,8.241758241758241,2.197802197802198,10.989010989010987,7.6923076923076925,7.417582417582418,1.098901098901099,3.296703296703297,3.296703296703297,1.6483516483516485,6.318681318681318,4.12087912087912,4.12087912087912,8.241758241758241,0.0,1.9230769230769231,28.021978021978025,39.010989010989015,1.3736263736263736,2.197802197802198,39285.95459999999,7.095688819885253,0.0357142857142857,34.474450549450545,Anoxybacillus flavithermus,1,0,0,1,1,1,0,1,1,0.6832027435302734,9.338701382068722
ACL74833.1,0.6915,25.9984,0.0,32,172,1765.07,6661.8,0.0813953488372093,0.0290697674418604,0.0872093023255814,0.0755813953488372,0.0348837209302325,0.0930232558139534,0.0174418604651162,0.0755813953488372,0.0465116279069767,0.0465116279069767,0.0232558139534883,0.0523255813953488,0.0348837209302325,0.0348837209302325,0.063953488372093,0.0232558139534883,0.063953488372093,0.063953488372093,0.0116279069767441,0.0406976744186046,0.4651162790697674,0.2441860465116279,0.1627906976744186,0.127906976744186,660,19213.6,-6.0,182,136,6,18,20,6,14,10,24,6,18,4,126,22.0,-28.0,5.88,0.7472527472527473,0.1428571428571428,10812.53,76469.31,24,B8I6E1,-,353,7.64872521246459,2.26628895184136,5.382436260623229,7.932011331444759,1.13314447592068,9.631728045325778,1.41643059490085,12.181303116147308,8.498583569405099,7.64872521246459,2.549575070821529,4.815864022662889,3.1161473087818696,1.69971671388102,4.2492917847025495,4.815864022662889,4.53257790368272,9.06515580736544,0.0,1.41643059490085,26.06232294617564,36.54390934844193,2.26628895184136,1.41643059490085,37930.82189999997,6.282095527648925,0.0254957507082152,26.09801699716713,Ruminiclostridium cellulolyticum H10,1,0,0,1,1,1,0,1,1,0.6817432641983032,8.917313779258796
DAA93923.1,0.6986,26.4274,1.542,32,174,1804.66,6530.13,0.0747126436781609,0.0344827586206896,0.0977011494252873,0.0862068965517241,0.0459770114942528,0.0919540229885057,0.0229885057471264,0.0747126436781609,0.0459770114942528,0.057471264367816,0.0172413793103448,0.057471264367816,0.0344827586206896,0.0344827586206896,0.0517241379310344,0.0229885057471264,0.057471264367816,0.0402298850574712,0.0114942528735632,0.0402298850574712,0.4482758620689655,0.2471264367816092,0.1839080459770115,0.1206896551724138,678,19565.0,-11.0,199,128,4,20,24,4,12,16,26,6,18,4,134,21.0,-32.0,5.75,0.6432160804020101,0.1492537313432835,10676.28,51.0,5,A0A292RBG3,-,351,6.837606837606838,1.7094017094017095,5.698005698005698,7.122507122507122,1.9943019943019944,7.977207977207977,1.4245014245014245,10.256410256410255,8.547008547008547,10.256410256410255,1.7094017094017095,6.837606837606838,3.133903133903134,2.564102564102564,5.698005698005698,5.128205128205128,3.988603988603988,7.4074074074074066,0.0,1.7094017094017095,27.065527065527068,34.75783475783476,1.7094017094017095,1.4245014245014245,38588.27960000001,8.741929054260254,0.037037037037037,29.78034188034188,Candidatus Gastranaerophilales bacterium HUM_7,1,0,0,1,1,1,0,1,1,0.4730673730373382,8.242074371138466
ACZ37901.1,0.679,24.2676,1.6746,32,169,1708.18,6696.28,0.0828402366863905,0.029585798816568,0.0946745562130177,0.0887573964497041,0.0532544378698224,0.1005917159763313,0.029585798816568,0.0532544378698224,0.0414201183431952,0.0414201183431952,0.0177514792899408,0.029585798816568,0.0532544378698224,0.029585798816568,0.0710059171597633,0.029585798816568,0.0355029585798816,0.0828402366863905,0.0118343195266272,0.0236686390532544,0.4970414201183432,0.1775147928994082,0.1834319526627219,0.1420118343195266,645,18786.7,-7.0,175,123,2,28,10,2,24,14,8,2,24,4,118,24.0,-31.0,5.88,0.7028571428571428,0.2372881355932203,9094.64,93.24,30,D1C7R8,-,368,11.41304347826087,1.0869565217391304,5.706521739130435,8.152173913043478,2.1739130434782608,8.695652173913043,2.717391304347826,8.423913043478262,5.163043478260869,7.880434782608696,2.1739130434782608,2.1739130434782608,5.978260869565218,1.9021739130434785,7.065217391304348,2.717391304347826,4.3478260869565215,11.141304347826086,0.0,1.0869565217391304,26.08695652173913,38.85869565217392,1.0869565217391304,2.717391304347826,39567.4238,5.981701469421386,0.0326086956521739,32.73532608695651,Sphaerobacter thermophilus DSM 20745,1,0,0,1,1,1,0,1,1,0.937528431415558,8.07938174429002
AEH44631.1,0.7172,27.6683,1.3854,32,196,2391.97,6952.02,0.0918367346938775,0.0306122448979591,0.096938775510204,0.0918367346938775,0.0408163265306122,0.1020408163265306,0.0153061224489795,0.0816326530612244,0.0663265306122449,0.0510204081632653,0.010204081632653,0.0357142857142857,0.0306122448979591,0.0255102040816326,0.0561224489795918,0.0255102040816326,0.0408163265306122,0.0663265306122449,0.0153061224489795,0.0255102040816326,0.4897959183673469,0.1836734693877551,0.1887755102040816,0.1377551020408163,738,21660.0,-10.0,206,142,4,24,28,10,50,16,20,4,20,4,180,27.0,-37.0,5.86,0.6893203883495146,0.1333333333333333,12221.92,253.89,37,F8A8A2,-,358,9.497206703910614,1.3966480446927374,4.46927374301676,9.217877094972067,3.6312849162011176,9.497206703910614,1.3966480446927374,8.938547486033519,7.262569832402235,9.776536312849162,0.8379888268156425,3.35195530726257,4.189944134078212,1.9553072625698324,6.424581005586592,3.910614525139665,4.189944134078212,8.938547486033519,0.5586592178770949,0.5586592178770949,27.37430167597765,37.150837988826815,1.3966480446927374,1.3966480446927374,38820.5995,6.984113883972168,0.047486033519553,28.996089385474843,Thermodesulfatator indicus DSM 15286,1,0,0,1,1,1,0,1,1,1.304479718208313,8.267559454678784
ABC19357.1,0.7186,24.5985,0.0,32,188,2193.23,6489.98,0.0957446808510638,0.0372340425531914,0.0904255319148936,0.0904255319148936,0.0425531914893617,0.1063829787234042,0.0212765957446808,0.0531914893617021,0.0425531914893617,0.0691489361702127,0.0106382978723404,0.0319148936170212,0.0531914893617021,0.0319148936170212,0.0585106382978723,0.0212765957446808,0.0372340425531914,0.0638297872340425,0.0106382978723404,0.0319148936170212,0.5053191489361702,0.1914893617021276,0.1808510638297872,0.1223404255319148,699,20652.5,-11.0,192,126,6,28,36,16,60,16,16,6,16,2,202,23.0,-34.0,5.81,0.65625,0.1386138613861386,11747.2,6192.76,53,Q2RJN2,-,359,14.48467966573816,1.392757660167131,4.178272980501393,7.520891364902507,1.392757660167131,10.86350974930362,1.392757660167131,7.242339832869081,4.456824512534819,10.86350974930362,1.6713091922005572,1.392757660167131,4.456824512534819,3.62116991643454,9.192200557103064,2.5069637883008355,3.064066852367688,9.47075208913649,0.0,0.8356545961002786,25.348189415041784,42.06128133704736,1.392757660167131,1.392757660167131,37981.888700000025,9.235821342468263,0.022284122562674,36.57325905292477,Moorella thermoacetica ATCC 39073,1,0,0,1,1,1,0,1,1,0.4839079678058624,9.620345140894772
ACL21716.1,0.6929,29.6402,0.0,29,189,2089.06,6461.59,0.1005291005291005,0.0317460317460317,0.0793650793650793,0.0952380952380952,0.037037037037037,0.1216931216931216,0.0158730158730158,0.0582010582010582,0.0476190476190476,0.0793650793650793,0.0211640211640211,0.0317460317460317,0.0264550264550264,0.0317460317460317,0.0529100529100529,0.0264550264550264,0.0423280423280423,0.0476190476190476,0.0158730158730158,0.037037037037037,0.5079365079365079,0.201058201058201,0.1746031746031746,0.1164021164021164,699,20735.1,-11.0,192,127,10,22,32,8,36,14,14,12,16,2,166,22.0,-33.0,5.81,0.6614583333333334,0.1325301204819277,12117.4,28.71,23,B8FR29,-,364,9.34065934065934,1.6483516483516485,3.571428571428571,9.34065934065934,0.8241758241758242,10.43956043956044,2.197802197802198,7.142857142857142,5.494505494505495,12.087912087912088,1.9230769230769231,2.197802197802198,4.395604395604396,3.021978021978022,6.043956043956044,4.395604395604396,3.571428571428571,9.89010989010989,0.2747252747252747,2.197802197802198,24.45054945054945,38.46153846153847,1.6483516483516485,2.197802197802198,39129.038300000015,5.984600257873535,0.0329670329670329,37.720879120879104,Desulfitobacterium hafniense DCB-2,1,0,0,1,1,1,0,1,1,0.9352515935897828,8.064739789324
ABZ84822.1,0.7143,25.0347,1.3854,32,204,2406.9,7160.51,0.0980392156862745,0.034313725490196,0.0784313725490196,0.088235294117647,0.0392156862745098,0.1127450980392156,0.0245098039215686,0.0637254901960784,0.0490196078431372,0.0490196078431372,0.0196078431372549,0.0392156862745098,0.034313725490196,0.0392156862745098,0.0539215686274509,0.034313725490196,0.034313725490196,0.0735294117647058,0.0098039215686274,0.0245098039215686,0.5,0.2058823529411764,0.1666666666666666,0.1274509803921568,742,22224.4,-8.0,206,143,12,28,32,16,46,22,22,16,16,2,212,26.0,-34.0,5.86,0.6941747572815534,0.1320754716981132,13853.04,8516.58,16,B0THN9,-,356,12.640449438202248,1.9662921348314608,3.651685393258427,7.02247191011236,0.5617977528089888,10.674157303370784,1.1235955056179776,7.584269662921349,4.213483146067416,10.112359550561797,1.9662921348314608,2.247191011235955,5.8988764044943816,3.089887640449438,6.741573033707865,4.49438202247191,3.932584269662921,10.112359550561797,0.5617977528089888,1.4044943820224718,21.629213483146067,40.44943820224719,1.9662921348314608,1.1235955056179776,37319.05800000002,7.576887702941895,0.0252808988764044,36.13426966292134,Heliomicrobium modesticaldum Ice1,1,0,0,1,1,1,0,1,1,0.7015683054924011,8.280617153038268
