id,dr_interface_size,dr_bsa,dr_sasa,dr_res_type_0,dr_res_type_1,dr_res_type_2,dr_res_type_3,dr_res_type_4,dr_res_type_5,dr_res_type_6,dr_res_type_7,dr_res_type_8,dr_res_type_9,dr_res_type_10,dr_res_type_11,dr_res_type_12,dr_res_type_13,dr_res_type_14,dr_res_type_15,dr_res_type_16,dr_res_type_17,dr_res_type_18,dr_res_type_19,dr_polarity_0,dr_polarity_1,dr_polarity_2,dr_polarity_3,dr_res_size,dr_res_mass,dr_res_charge,dr_hb_acceptors,dr_hb_donors,dr_irc_negative_negative,dr_irc_negative_positive,dr_irc_nonpolar_negative,dr_irc_nonpolar_nonpolar,dr_irc_nonpolar_polar,dr_irc_nonpolar_positive,dr_irc_polar_negative,dr_irc_polar_polar,dr_irc_polar_positive,dr_irc_positive_positive,dr_irc_total,dr_res_charge_positive,dr_res_charge_negative,dr_res_pI,dr_hb_donor_acceptor_ratio,dr_salt_bridges,dr_electrostatic_inter,dr_vanderwaals_inter
AAC07467.1,201.5,2403.175,6893.389999999999,0.09432126139443212,0.034749938408475,0.07690317812269032,0.09928553830992856,0.03971421532397142,0.09432126139443212,0.02482138457748214,0.07942843064794285,0.06697462429169747,0.04215323971421532,0.02482138457748214,0.029785661492978566,0.04467849223946785,0.01985710766198571,0.03971421532397142,0.03222468588322247,0.037188962798718896,0.062010347376201036,0.02726040896772604,0.029785661492978566,0.5087090416358708,0.1835920177383592,0.17618871643261885,0.13151022419315103,769.5,22434.4,-9.0,201.0,131.0,5.0,24.0,45.0,22.0,45.0,22.0,25.0,5.0,17.0,6.0,216.0,26.5,-35.5,5.84,0.6517023647393834,0.11132075471698114,12109.240000000002,2589.2149999999997
AAC75568.1,194.5,2168.3999999999996,6975.62,0.06429100137464312,0.025708469916463993,0.09510151210743364,0.07712540974939198,0.04368457227450566,0.09514116527439992,0.025708469916463993,0.06170032779951359,0.048865919424764724,0.04368457227450566,0.025708469916463993,0.05655863381622079,0.030850163899756793,0.02825949032462726,0.06939304219096964,0.051377286665961724,0.06170032779951359,0.048865919424764724,0.010283387966585598,0.035991857883049594,0.42420958020513905,0.259596066405837,0.17222692185682564,0.14396743153219838,755.0,21849.55,-5.5,223.0,165.0,4.0,30.0,31.0,4.0,16.0,23.0,28.0,9.0,26.0,4.0,175.0,28.0,-33.5,5.885,0.7399806856591018,0.1717032967032967,14095.275,577.265
AAD35972.1,189.5,2115.335,7698.02,0.08177765394260239,0.015840066870994707,0.10289774310392867,0.08976037893563667,0.031680133741989414,0.09233769852326554,0.013137364168292004,0.0844803566453051,0.058080245193647254,0.08705767623293396,0.021120089161326273,0.031680133741989414,0.021120089161326273,0.015840066870994707,0.06864028977431039,0.03683477291724714,0.03696015603232098,0.07907495123989969,0.015840066870994707,0.015840066870994707,0.5144887155196434,0.15299526330454166,0.19265812203956534,0.13985789913624966,718.5,21030.0,-10.0,197.5,138.5,5.0,22.0,21.0,37.0,14.0,27.0,10.0,4.0,11.0,4.0,155.0,26.5,-36.5,5.885,0.7014569332580927,0.14222555889222555,12416.325,440.34499999999997
AAP05169.1,153.5,1673.9699999999998,4963.665,0.04562632696390658,0.03259023354564756,0.09777070063694268,0.08473460721868364,0.07169851380042463,0.04229299363057325,0.06184713375796178,0.07488322717622081,0.05214437367303609,0.07791932059447983,0.013036093418259023,0.05214437367303609,0.048811040339702766,0.03259023354564756,0.006518046709129512,0.05547770700636943,0.05214437367303609,0.04562632696390658,0.019554140127388535,0.03259023354564756,0.439447983014862,0.2575371549893843,0.18250530785562633,0.12050955414012739,636.5,17714.699999999997,-9.5,185.5,89.0,10.0,23.0,8.0,1.0,16.0,8.0,19.0,14.0,18.0,2.0,119.0,18.5,-28.0,5.619999999999999,0.4797878523684975,0.19246031746031744,7225.47,-22.42
AAS82019.1,213.5,2654.335,6554.355,0.07494515138218516,0.023420359806932866,0.08431329530495832,0.08667178587099605,0.051524791575252304,0.11241772707327775,0.032788503729706014,0.0632185168933743,0.051524791575252304,0.07258666081614742,0.023420359806932866,0.032788503729706014,0.04684071961386573,0.01873628784554629,0.04684071961386573,0.03747257569109258,0.05385037297060114,0.039798157086441424,0.01405221588415972,0.032788503729706014,0.4988043001316367,0.19905660377358492,0.17098508117595435,0.13115401491882406,810.5,23658.95,-8.5,221.0,141.5,14.0,31.0,45.0,9.0,42.0,17.0,21.0,11.0,38.0,6.0,234.0,28.0,-36.5,5.835,0.6402948402948403,0.132538056206089,13363.325,746363.895
AAT83253.1,248.5,2538.505,9251.28,0.09053287981859409,0.016099773242630386,0.09257369614512471,0.07448979591836735,0.04217687074829932,0.06439909297052154,0.03219954648526077,0.05634920634920634,0.07040816326530612,0.04427437641723356,0.02012471655328798,0.02817460317460317,0.04024943310657596,0.03820861678004535,0.04625850340136054,0.046315192743764166,0.07244897959183674,0.0865079365079365,0.014058956916099773,0.02414965986394558,0.4586734693877551,0.22539682539682537,0.16706349206349208,0.14886621315192744,954.5,27699.65,-4.5,272.0,190.0,5.0,21.0,25.0,6.0,30.0,12.0,27.0,25.0,27.0,2.0,180.0,37.0,-41.5,5.91,0.6987023519870235,0.11666666666666667,13268.525000000001,169.145
AAU91397.1,184.5,2082.225,5989.655000000001,0.0623127093248722,0.029790234443856867,0.10025559668605677,0.08672659968270757,0.06504494976203068,0.11382866208355367,0.018993477877666136,0.03794288736118456,0.043363299841353786,0.04605147188436454,0.010840824960338447,0.048783712321523,0.048783712321523,0.03794288736118456,0.03252247488101534,0.043363299841353786,0.07046536224219989,0.048783712321523,0.01626123744050767,0.03794288736118456,0.44985016745989775,0.2682883835713027,0.18698219636876434,0.09487925260003525,699.5,20406.85,-17.0,222.5,120.5,3.0,25.0,26.0,0.0,34.0,11.0,27.0,10.0,17.0,2.0,155.0,17.5,-34.5,5.63,0.5416127989657402,0.16070831941196123,10054.085,90.14
ABA79143.1,182.0,1873.62,6404.6,0.07692307692307693,0.03296703296703297,0.08791208791208792,0.07417582417582418,0.04395604395604396,0.1291208791208791,0.038461538461538464,0.06593406593406594,0.038461538461538464,0.038461538461538464,0.02197802197802198,0.038461538461538464,0.03296703296703297,0.027472527472527472,0.038461538461538464,0.07142857142857142,0.04945054945054945,0.04395604395604396,0.01098901098901099,0.038461538461538464,0.4642857142857143,0.25824175824175827,0.16208791208791207,0.11538461538461539,655.5,19716.2,-8.5,200.0,118.0,2.0,25.0,31.0,4.0,32.0,10.0,18.0,9.0,20.0,0.0,151.0,21.0,-29.5,5.755,0.59005900590059,0.16552511415525112,9729.689999999999,417.545
ABC19357.1,183.0,2029.2649999999999,6376.465,0.09562514941429595,0.035470953860865406,0.09296557494621085,0.08734759741812097,0.043748505857040404,0.109371264642601,0.021874252928520202,0.0546856323213005,0.038130528328950516,0.06828233325364572,0.010937126464260101,0.032811379392780296,0.05187664355725556,0.032811379392780296,0.06015419555343055,0.021874252928520202,0.03827994262491035,0.06000478125747071,0.010937126464260101,0.032811379392780296,0.5054685632321301,0.19405928759263685,0.1803131723643318,0.12015897681090126,681.0,20103.8,-11.0,188.0,123.0,5.0,26.0,32.0,15.0,55.0,14.0,12.0,6.0,14.0,1.0,180.0,22.0,-33.0,5.805,0.6542119565217391,0.14525629778167692,10858.04,3588.37
ABF40425.1,229.0,2722.1549999999997,6471.54,0.07860411899313502,0.02620137299771167,0.10699847444698703,0.06331045003813882,0.054595728451563685,0.10043859649122808,0.021834477498093058,0.05240274599542334,0.05676964149504195,0.054576659038901604,0.030568268497330284,0.04584286803966438,0.03930205949656751,0.021834477498093058,0.03930205949656751,0.03493516399694889,0.06550343249427917,0.04803585049580473,0.013100686498855835,0.04584286803966438,0.47162471395881006,0.24016018306636155,0.17030892448512586,0.11790617848970252,874.0,25481.949999999997,-12.0,248.5,156.5,16.0,22.0,43.0,10.0,58.0,18.0,43.0,29.0,20.0,2.0,261.0,27.0,-39.0,5.77,0.6297651821862349,0.08435186273357621,16783.515,473587.125
ABG04368.1,174.5,1770.98,6532.17,0.06876847290640395,0.022922824302134645,0.10600985221674877,0.06876847290640395,0.05730706075533662,0.11461412151067324,0.02865353037766831,0.07449917898193761,0.05730706075533662,0.02865353037766831,0.022922824302134645,0.034384236453201975,0.04011494252873563,0.017192118226600987,0.07449917898193761,0.034384236453201975,0.051576354679802955,0.051576354679802955,0.017192118226600987,0.02865353037766831,0.4756486042692939,0.18911330049261083,0.17477832512315272,0.16045977011494253,679.0,19566.65,-2.5,180.0,141.0,7.0,30.0,22.0,0.0,16.0,10.0,18.0,10.0,16.0,4.0,133.0,28.0,-30.5,5.96,0.7834300530929745,0.22557666214382632,10546.125,27165.16
ABK39186.1,193.5,2074.395,6553.195,0.09309847107879825,0.031032823692932747,0.08260718486047258,0.08792633379664279,0.046549235539399124,0.0929514594247835,0.020688549128621832,0.05940607291778039,0.03871752378915856,0.04388966107131402,0.015516411846466373,0.04906179835346948,0.031032823692932747,0.031032823692932747,0.05940607291778039,0.05940607291778039,0.05423393563562494,0.05172137282155458,0.010344274564310916,0.041377098257243665,0.4445097829573399,0.2661445525499839,0.17053351865711536,0.11881214583556078,730.5,21419.05,-10.0,219.0,147.0,2.0,27.0,44.0,3.0,23.0,20.0,23.0,6.0,25.0,6.0,179.0,23.0,-33.0,5.8,0.6710427450325598,0.15041415662650603,14391.150000000001,7032.160000000001
ABO67748.1,201.0,1966.385,8164.98,0.10197563874034463,0.03483363042186571,0.07464349376114082,0.08957219251336898,0.04723707664884136,0.09202317290552585,0.029857397504456328,0.07961972667855022,0.05221330956625074,0.05718954248366013,0.007427213309566251,0.029857397504456328,0.03980986333927511,0.014928698752228164,0.06721628045157457,0.03728461081402258,0.06469102792632205,0.029857397504456328,0.009952465834818777,0.03980986333927511,0.46509209744503865,0.22140522875816993,0.1642156862745098,0.14928698752228164,769.0,22358.05,-3.0,205.0,153.5,5.0,23.0,18.0,6.0,15.0,14.0,18.0,6.0,23.0,3.0,131.0,30.0,-33.0,5.945,0.7488102036931277,0.17566619915848528,10471.26,1276.225
ABZ84822.1,203.5,2415.425,7054.785,0.10074374577417174,0.03439824205544287,0.0786245532695837,0.08845262242828167,0.03931227663479185,0.11302279532502657,0.024570172896744905,0.06388244953153675,0.04914034579348981,0.04914034579348981,0.017193084130203803,0.03684922244759973,0.03439824205544287,0.03931227663479185,0.054054380372838794,0.03193518786825075,0.03439824205544287,0.07863662706461895,0.009828069158697963,0.022107118709552787,0.5061576354679803,0.19900028977108083,0.16707717569786534,0.1277648990630735,736.5,22111.25,-8.0,203.5,141.0,11.0,27.0,32.0,16.0,48.0,22.0,22.0,16.0,16.0,1.0,211.0,26.0,-34.0,5.86,0.6928585229193837,0.1279424977538185,13695.495,5428.33
ACB51662.1,256.0,3185.56,7180.885,0.083984375,0.01171875,0.048828125,0.08203125,0.0234375,0.078125,0.03515625,0.078125,0.0625,0.1015625,0.03125,0.03515625,0.0390625,0.0234375,0.046875,0.05078125,0.0390625,0.08984375,0.0078125,0.03125,0.533203125,0.19140625,0.130859375,0.14453125,963.5,28296.7,3.5,227.0,180.0,6.0,23.0,42.0,42.0,49.0,65.0,20.0,11.0,14.0,8.0,280.0,37.0,-33.5,6.029999999999999,0.7930131004366812,0.08217255982448085,18757.08,17776.54
ACC83392.1,263.0,3167.8050000000003,7580.37,0.0779467680608365,0.011406844106463879,0.057034220532319393,0.08745247148288973,0.024714828897338403,0.07984790874524715,0.034220532319391636,0.07604562737642585,0.057034220532319393,0.10266159695817491,0.034220532319391636,0.04182509505703422,0.04182509505703422,0.015209125475285171,0.045627376425855515,0.045627376425855515,0.03802281368821293,0.09125475285171103,0.0076045627376425855,0.030418250950570342,0.5361216730038023,0.18250950570342206,0.1444866920152091,0.13688212927756654,991.0,29099.55,-2.0,243.0,176.0,6.0,20.0,43.0,42.0,45.0,63.0,17.0,12.0,11.0,10.0,269.0,36.0,-38.0,5.96,0.7242798353909465,0.07437513824375139,17840.445,75134.045
ACE82628.1,195.5,2067.815,7931.055,0.07673889150573088,0.017873030826398704,0.07673889150573088,0.08444549118124248,0.030695556602292354,0.09972784843251165,0.025579630501910294,0.09720259590725912,0.05115926100382059,0.08943057518187052,0.015347778301146177,0.04604333490343853,0.04604333490343853,0.025579630501910294,0.04351808237818601,0.043452661328308995,0.048634008478568067,0.04856858742869105,0.012757104726016644,0.020463704401528237,0.516512272988957,0.20204637044015283,0.16118438268697338,0.12025697388391689,723.0,21403.45,-8.0,199.0,130.0,4.0,16.0,16.0,28.0,13.0,36.0,10.0,5.0,13.0,14.0,155.0,23.5,-31.5,5.855,0.6532313054019243,0.10357500835282325,10931.705,3294.4700000000003
ACL21716.1,190.0,2131.58,6433.26,0.10262057120695864,0.03157982215573839,0.07894955538934596,0.09735726751433557,0.03684312584836145,0.12105598493033048,0.015789911077869194,0.05789634061885371,0.047369733233607575,0.07894955538934596,0.021053214770492257,0.03157982215573839,0.02631651846311532,0.03157982215573839,0.05263303692623064,0.02631651846311532,0.03948862849386409,0.049987534280728,0.015789911077869194,0.03684312584836145,0.510512756586055,0.19738773927255604,0.17630682290368155,0.11579268123770742,702.0,20834.199999999997,-11.5,193.0,126.5,11.0,22.0,35.0,9.0,37.0,15.0,15.0,10.0,16.0,3.0,173.0,22.0,-33.5,5.805,0.6554714347079038,0.12737617135207496,12202.064999999999,41.019999999999996
ACL74833.1,176.5,1816.975,6728.275,0.07937170756777592,0.028347038417062827,0.08504111525118849,0.07646473082358987,0.0340164461004754,0.09623538481305409,0.0170082230502377,0.07922716176281638,0.048117692406527045,0.050880123345753564,0.022677630733650263,0.05102466915071309,0.0340164461004754,0.0340164461004754,0.062363484517538224,0.025440061672876782,0.062363484517538224,0.062363484517538224,0.011338815366825131,0.03968585378388796,0.4701272003083644,0.24087755364255428,0.16150584607477836,0.12748939997430297,674.0,19669.3,-6.0,185.0,138.0,7.0,19.0,22.0,6.0,14.0,14.0,24.0,6.0,19.0,4.0,135.0,22.5,-28.5,5.885,0.7459667991582886,0.14087301587301587,11276.68,70006.29
ACU05649.1,202.0,2305.1400000000003,6869.43,0.0940686274509804,0.019803921568627453,0.0940686274509804,0.06436274509803921,0.05446078431372549,0.06931372549019608,0.019803921568627453,0.06676470588235295,0.06186274509803921,0.03465686274509804,0.029705882352941176,0.04950980392156863,0.04455882352941176,0.029705882352941176,0.039607843137254906,0.039607843137254906,0.08911764705882352,0.03465686274509804,0.009901960784313726,0.05446078431372549,0.43808823529411767,0.2822058823529412,0.15843137254901962,0.12127450980392157,789.5,22717.199999999997,-7.5,227.0,152.5,4.0,35.0,26.0,2.0,26.0,22.0,28.0,10.0,26.0,6.0,185.0,24.5,-32.0,5.82,0.6718061674008811,0.18916549789621318,12230.195,508.66499999999996
ACU53587.1,306.5,3122.745,10354.1,0.13702603734218988,0.009787954269655744,0.0717783313108088,0.09625087820144344,0.03099252730408124,0.08156628558046454,0.026101211385748654,0.06851567988759022,0.026101211385748654,0.09951352962466203,0.01631325711609291,0.026101211385748654,0.04078580400672756,0.0358891656554044,0.06361904153626706,0.026101211385748654,0.048939771348278725,0.06199037704115305,0.006525302846437164,0.026101211385748654,0.5432288007493986,0.17292052543058484,0.16802920951225225,0.11582146430776435,1127.0,33426.3,-16.0,306.0,200.5,12.0,37.0,49.0,30.0,36.0,22.0,34.0,29.0,15.0,6.0,270.0,35.5,-51.5,5.855,0.6553101503759399,0.1370223978919631,19152.18,185.075
ACX75977.1,229.5,2043.565,8238.275,0.09152455467355389,0.021791560636560445,0.07409130616430552,0.09367047742033499,0.06973299403699343,0.07623722891108664,0.015220859128717384,0.06530821527593147,0.08059554103839872,0.061016369782369254,0.008716624254624179,0.034866497018496714,0.05665805765505716,0.03922480914580881,0.03265410763796574,0.026149872763872536,0.06537468190968135,0.03922480914580881,0.013074936381936268,0.034866497018496714,0.48149379011736104,0.22227391849291656,0.1677617835846405,0.12847050780508185,902.5,25787.35,-9.0,241.5,162.5,9.0,15.0,21.0,6.0,41.0,15.0,17.0,13.0,9.0,7.0,153.0,29.5,-38.5,5.855,0.6727570478084917,0.09794520547945205,9896.435,1285.885
ACZ19163.1,210.5,2495.335,6609.91,0.10926427443015121,0.03325434439178515,0.0688783570300158,0.07837959828481156,0.03325434439178515,0.11401489505754908,0.02375310313698939,0.03800496501918303,0.03801624915368991,0.07600993003836606,0.019002482509591516,0.04750620627397878,0.02850372376438727,0.02850372376438727,0.06175806815617242,0.05225682690137666,0.03800496501918303,0.059377115775220035,0.019002482509591516,0.03325434439178515,0.49643421349582484,0.23278041074249606,0.14725795531482735,0.12352742044685172,767.0,22925.95,-5.0,206.0,156.0,8.0,31.0,37.0,16.0,47.0,22.0,39.0,30.0,21.0,4.0,255.0,26.0,-31.0,5.9,0.7578500707213578,0.12153931339977851,18116.309999999998,1490759.8650000002
ACZ37901.1,169.5,1720.7,6747.1849999999995,0.07965541246084233,0.0294987817612252,0.09733727810650888,0.0884963452836756,0.05309780717020536,0.09735468151757745,0.0294987817612252,0.05309780717020536,0.04423947093630352,0.04423947093630352,0.01769926905673512,0.0294987817612252,0.05309780717020536,0.0294987817612252,0.07079707622694048,0.0294987817612252,0.03539853811347024,0.08259658893143057,0.011799512704490079,0.023599025408980158,0.4926383571179951,0.1769926905673512,0.18583362339018447,0.1445353289244692,651.0,18900.85,-7.0,177.0,124.5,3.0,28.0,9.0,1.0,24.0,13.0,8.0,1.0,23.0,4.0,114.0,24.5,-31.5,5.88,0.7033838786911413,0.24591679506933745,9160.5,185.21
ADC62931.1,195.0,2199.885,6429.094999999999,0.0718421052631579,0.030789473684210526,0.08973684210526316,0.08210526315789474,0.05894736842105263,0.11276315789473684,0.030789473684210526,0.046184210526315786,0.04105263157894737,0.053815789473684206,0.015394736842105263,0.04105263157894737,0.04105263157894737,0.030789473684210526,0.03592105263157895,0.053815789473684206,0.06921052631578947,0.043421052631578944,0.015394736842105263,0.03592105263157895,0.45881578947368423,0.261578947368421,0.1718421052631579,0.10776315789473684,730.5,21467.0,-12.5,223.0,127.0,2.0,29.0,25.0,4.0,36.0,14.0,22.0,8.0,25.0,5.0,170.0,21.0,-33.5,5.705,0.5696095588679018,0.17083333333333334,11408.555,6029.665
ADE56011.1,224.5,2516.905,6960.545,0.1024544624786698,0.017818167387594744,0.07793960077780865,0.07572721139727767,0.031181792928290805,0.08684868447160601,0.02672725108139212,0.08463629509107504,0.07572721139727767,0.08018175324417635,0.031181792928290805,0.04009087662208818,0.04009087662208818,0.022272709234493433,0.044545418468986867,0.022272709234493433,0.044545418468986867,0.0601214333902139,0.008909083693797372,0.02672725108139212,0.5256061748482083,0.17372713202904877,0.15366681217508632,0.14699988094765665,838.5,24748.949999999997,-1.5,208.0,158.0,0.0,18.0,38.0,41.0,43.0,22.0,24.0,11.0,13.0,6.0,216.0,33.0,-34.5,5.975,0.7596856218215442,0.0834478021978022,13860.76,11337.715
ADU96577.1,201.0,2356.14,7597.6900000000005,0.09699977721117906,0.02985370200757482,0.06965863801767458,0.0870485432086541,0.05473178701388717,0.09202416020991658,0.02487808500631235,0.06965863801767458,0.06714607520360423,0.05226873282669506,0.01990246800504988,0.02985370200757482,0.0497561700126247,0.02487808500631235,0.03482931900883729,0.02985370200757482,0.0497561700126247,0.0721216922048667,0.00995123400252494,0.03482931900883729,0.5174146595044187,0.1990246800504988,0.1567071812263287,0.12685347921875387,753.0,22141.1,-6.0,192.0,127.5,2.0,18.0,41.0,14.0,64.0,11.0,18.0,7.0,19.0,2.0,196.0,25.5,-31.5,5.87,0.6640531741725447,0.09161021365294425,10241.375,2181.0150000000003
ADV63232.1,192.0,2223.975,7657.05,0.0625,0.026041666666666668,0.08333333333333333,0.1171875,0.052083333333333336,0.109375,0.036458333333333336,0.0703125,0.06770833333333333,0.0546875,0.015625,0.03125,0.036458333333333336,0.015625,0.057291666666666664,0.04947916666666667,0.036458333333333336,0.03125,0.010416666666666666,0.036458333333333336,0.4427083333333333,0.1953125,0.20052083333333331,0.16145833333333334,754.5,21634.7,-7.5,219.0,144.5,2.0,32.0,16.0,6.0,27.0,18.0,16.0,6.0,32.0,4.0,159.0,31.0,-38.5,5.875,0.6598415346121769,0.201329534662868,12149.705,582.9449999999999
AEH44631.1,196.5,2423.825,6998.15,0.09160364653475603,0.03053454884491868,0.0941546669429193,0.09160364653475603,0.040712731793224904,0.10178182948306226,0.01526727442245934,0.08142546358644981,0.06869626022998032,0.05089091474153113,0.010178182948306226,0.038161711385061636,0.03053454884491868,0.025445457370765565,0.05598000621568425,0.025445457370765565,0.040712731793224904,0.06615818916399047,0.01526727442245934,0.025445457370765565,0.48855278151869885,0.1857453641355019,0.18575831347767532,0.13994354086812388,740.5,21723.6,-9.0,205.0,144.5,5.0,27.0,31.0,9.0,52.0,16.0,16.0,3.0,21.0,4.0,184.0,27.5,-36.5,5.875,0.7049543118218161,0.14645390070921988,12220.955,134.805
AEW97312.1,235.0,2268.0150000000003,7688.18,0.11702127659574468,0.01702127659574468,0.07234042553191489,0.08085106382978724,0.04680851063829787,0.06808510638297872,0.02127659574468085,0.06382978723404256,0.05319148936170212,0.04680851063829787,0.01702127659574468,0.02553191489361702,0.04893617021276596,0.05106382978723404,0.0425531914893617,0.04680851063829787,0.06382978723404255,0.07234042553191489,0.01276595744680851,0.03191489361702128,0.49361702127659574,0.23617021276595745,0.15319148936170213,0.11702127659574468,884.5,25908.800000000003,-8.5,244.5,165.0,8.0,13.0,34.0,12.0,40.0,9.0,33.0,19.0,24.0,0.0,192.0,27.5,-36.0,5.855,0.6748578119772499,0.067629179331307,18589.120000000003,863.98
ALO15331.1,194.0,1895.59,7328.365,0.09019529693104822,0.02577388069616049,0.10309552278464196,0.06442141623488773,0.061857313670785175,0.06701208981001727,0.02061910455692839,0.05670253753155308,0.07732164208848147,0.04898365882821841,0.012873654842566761,0.04639298525308888,0.036083432974624685,0.02577388069616049,0.05154776139232098,0.05154776139232098,0.05670253753155308,0.05670253753155308,0.015464328417696294,0.030928656835392587,0.445874850538063,0.2371197024046765,0.1675169390195297,0.14948850803773084,761.0,21824.800000000003,-3.5,210.0,157.0,2.0,34.0,14.0,5.0,10.0,19.0,9.0,2.0,27.0,3.0,125.0,29.0,-32.5,5.915,0.7476868650217707,0.27201740911418326,9835.509999999998,817.98
APE74616.1,200.5,2092.495,7069.645,0.06732587064676618,0.019950248756218904,0.06733830845771144,0.08977611940298508,0.03491293532338309,0.11471393034825872,0.02992537313432836,0.10972636815920397,0.0748134328358209,0.09975124378109454,0.009975124378109452,0.04987562189054727,0.024937810945273635,0.017450248756218905,0.03491293532338309,0.03491293532338309,0.024937810945273635,0.05486318407960199,0.01496268656716418,0.024937810945273635,0.5311691542288557,0.17206467661691544,0.15711442786069652,0.13965174129353236,755.0,22104.55,-3.5,188.0,133.0,1.0,14.0,20.0,47.0,30.0,16.0,9.0,2.0,8.0,4.0,151.0,28.0,-31.5,5.925,0.7074951192598251,0.09281700035124693,9340.425,1079.375
AVM43904.1,181.0,1779.0300000000002,6445.235000000001,0.11325966850828728,0.0055248618784530384,0.0718232044198895,0.09668508287292818,0.016574585635359115,0.06629834254143646,0.016574585635359115,0.13259668508287292,0.04696132596685083,0.10497237569060773,0.022099447513812154,0.022099447513812154,0.03314917127071823,0.027624309392265192,0.06353591160220995,0.03038674033149171,0.052486187845303865,0.06906077348066297,0.0027624309392265192,0.0055248618784530384,0.5607734806629834,0.143646408839779,0.1685082872928177,0.1270718232044199,661.0,19746.85,-7.5,174.0,120.5,8.0,20.0,30.0,13.0,17.0,27.0,8.0,5.0,12.0,2.0,142.0,23.0,-30.5,5.9350000000000005,0.6925872093023255,0.14109697933227344,14050.400000000001,416.24
AXA34785.1,192.5,2130.91,6555.755,0.10393046107331821,0.02078609221466364,0.07539682539682539,0.08314436885865456,0.038926681783824635,0.0882464096749811,0.031179138321995464,0.06755479969765685,0.031179138321995464,0.04157218442932728,0.02078609221466364,0.054516250944822375,0.03373015873015873,0.031179138321995464,0.06235827664399093,0.054516250944822375,0.05971277399848828,0.04157218442932728,0.01039304610733182,0.04931972789115646,0.4467120181405896,0.2700302343159486,0.15854119425547997,0.12471655328798185,735.5,21402.85,-6.5,214.5,150.5,3.0,27.0,28.0,4.0,25.0,6.0,48.0,26.0,19.0,2.0,188.0,24.0,-30.5,5.845,0.7015845070422535,0.14365079365079364,14444.73,922.26
BAA17717.1,256.0,3015.615,6757.635,0.0859375,0.01171875,0.05859375,0.087890625,0.021484375,0.076171875,0.03515625,0.076171875,0.05859375,0.09765625,0.033203125,0.03125,0.0390625,0.0234375,0.048828125,0.046875,0.041015625,0.095703125,0.0078125,0.0234375,0.533203125,0.177734375,0.146484375,0.142578125,956.5,28228.8,-1.0,238.0,175.0,3.0,27.0,48.0,51.0,66.0,53.0,21.0,18.0,22.0,10.0,319.0,36.5,-37.5,5.98,0.7361781076066791,0.08470944405126996,20291.765,3065311348399.13
BAC08548.1,235.5,2230.0950000000003,7363.555,0.08067976920302922,0.012738910926794085,0.061566895059502344,0.0934186801298233,0.02335917778579156,0.08067976920302922,0.042463036422646955,0.0658222142084385,0.05307428777497295,0.11040389469888207,0.02547782185358817,0.042463036422646955,0.03821673278038226,0.012738910926794085,0.05095564370717634,0.04458168049044356,0.03821673278038226,0.09766498377208799,0.00849260728452939,0.01698521456905878,0.5307969707897584,0.16772448611611973,0.15498557518932565,0.14649296790479624,879.0,25925.2,-2.0,225.0,159.0,6.0,19.0,22.0,18.0,15.0,39.0,20.0,5.0,16.0,7.0,167.0,34.5,-36.5,5.96,0.7066737790422001,0.11381239242685026,14422.880000000001,206.365
BAC91563.1,182.0,1634.83,7123.3099999999995,0.07417989417989418,0.030158730158730156,0.07968253968253969,0.09904761904761905,0.044021164021164016,0.08783068783068783,0.02751322751322751,0.05502645502645502,0.03851851851851852,0.07417989417989418,0.016507936507936506,0.02751322751322751,0.054814814814814816,0.022010582010582008,0.07682539682539682,0.04116402116402117,0.05502645502645502,0.05216931216931217,0.011005291005291004,0.0328042328042328,0.46973544973544973,0.20867724867724868,0.17873015873015874,0.14285714285714285,709.0,20446.1,-6.5,194.0,139.5,2.0,20.0,30.0,3.0,29.0,4.0,9.0,6.0,19.0,2.0,124.0,26.0,-32.5,5.904999999999999,0.7186868686868686,0.16123949579831934,8196.13,1601848.14
BAD40486.1,189.0,2119.96,6895.15,0.08994960806270996,0.03703807390817469,0.07936730123180291,0.0979003359462486,0.047620380739081744,0.09524076147816349,0.015873460246360584,0.05291153415453527,0.06080627099664054,0.04232922732362822,0.03174692049272117,0.03174692049272117,0.03174692049272117,0.02379619260918253,0.05291153415453527,0.026455767077267635,0.05291153415453527,0.07673572228443448,0.015873460246360584,0.03703807390817469,0.4841545352743561,0.20898656215005598,0.17726763717805152,0.1295912653975364,722.0,21099.05,-9.0,195.0,133.5,6.0,25.0,39.0,6.0,17.0,16.0,26.0,8.0,20.0,5.0,168.0,24.5,-33.5,5.84,0.6847780349253103,0.14898307495377613,11486.005000000001,171.11
BAM02738.1,199.5,2234.67,8334.724999999999,0.08521785014322328,0.03007688828584351,0.08269259761797076,0.10025629428614503,0.04511533242876527,0.087705412332278,0.02506407357153626,0.05514096185737977,0.05012814714307252,0.04010251771445801,0.015038444142921756,0.03007688828584351,0.05514096185737977,0.03508970300015076,0.04511533242876527,0.04010251771445801,0.05261570933212724,0.07519222071460877,0.015038444142921756,0.03508970300015076,0.4736921453339364,0.22305140961857378,0.18294889190411578,0.12030755314337405,759.5,22146.050000000003,-12.5,221.0,134.5,3.0,34.0,16.0,6.0,31.0,13.0,21.0,13.0,21.0,4.0,162.0,24.0,-36.5,5.775,0.60867873525557,0.20990853658536585,10642.400000000001,299.83
CAB14437.1,244.0,2500.34,8467.439999999999,0.08606701940035273,0.028689006466784246,0.06967330141933317,0.1065591668766272,0.03278743596203914,0.07377173091458805,0.028689006466784246,0.09426387839086252,0.05532039976484421,0.0532795834383136,0.01639371798101957,0.028689006466784246,0.034828252288569755,0.02049214747627446,0.049181153943058706,0.05737801293356849,0.06147644242882338,0.06557487192407828,0.008196858990509785,0.028689006466784246,0.4651633492903334,0.22541362223901906,0.17623246829596034,0.13319056017468717,918.0,26999.85,-10.5,268.0,169.5,11.0,30.0,30.0,13.0,39.0,14.0,25.0,17.0,17.0,7.0,203.0,32.5,-43.0,5.845,0.6324626865671642,0.14796116504854367,12974.73,2530.9
CAB91132.1,231.0,2277.39,8169.725,0.10174287856071965,0.01731634182908546,0.09741379310344828,0.07359445277361319,0.043290854572713644,0.06926536731634184,0.01731634182908546,0.07143928035982008,0.05194902548725637,0.04111694152923538,0.015142428785607197,0.025974512743628185,0.05627811094452774,0.05194902548725637,0.045446026986506745,0.04977511244377811,0.06711019490254873,0.06491754122938531,0.012987256371814093,0.025974512743628185,0.4761806596701649,0.23809970014992504,0.17100824587706148,0.11471139430284857,867.5,25460.1,-13.0,258.0,164.5,12.0,11.0,20.0,10.0,31.0,11.0,41.0,20.0,20.0,2.0,178.0,26.5,-39.5,5.805,0.6377103365384615,0.0616994292961319,15351.849999999999,113.71000000000001
CAL93544.1,211.5,2364.04,6005.925,0.08977226969710528,0.03311932352020044,0.0898953066976869,0.06611561003981925,0.05447183571204868,0.1063934499574963,0.023656659657286028,0.04961746678000985,0.03785065545165764,0.05434879871146705,0.01892532772582882,0.04488613484855264,0.047313319314572055,0.023656659657286028,0.03069213905418102,0.052044651246029264,0.07327412643729586,0.05434879871146705,0.016498143259809403,0.03311932352020044,0.4916894098698045,0.26010021922956467,0.15601091673750614,0.0921994541631247,766.0,22941.1,-13.5,226.0,127.5,6.0,20.0,26.0,4.0,50.0,5.0,42.0,21.0,21.0,5.0,200.0,19.5,-33.0,5.705,0.5640282131661443,0.10011134730235854,14864.19,3364.305
CCQ91393.1,180.5,2246.42,5933.135,0.06094603720302044,0.03324329301982933,0.10801768064337897,0.08310823254957334,0.05540548836638222,0.08310823254957334,0.02770274418319111,0.05265823561912947,0.07202713487629689,0.04432439069310578,0.016621646509914666,0.038783841856467556,0.04432439069310578,0.03324329301982933,0.02770274418319111,0.04432439069310578,0.0636932899502732,0.05261219227699675,0.02216219534655289,0.03599054576708208,0.4321628092577813,0.24927865430658724,0.1911259131929523,0.12743262324267912,711.0,20369.050000000003,-11.5,214.5,125.0,13.0,34.0,31.0,0.0,24.0,12.0,24.0,7.0,26.0,8.0,179.0,23.0,-34.5,5.720000000000001,0.5828296882473151,0.18995006242197254,13449.9,16460.595
DAA93923.1,179.5,1917.875,6694.76,0.07789686237962101,0.033457595526561044,0.09749922336129233,0.08904939422180802,0.04461012736874806,0.08922025473749612,0.02230506368437403,0.0724914569742156,0.05271823547685617,0.06116806461634048,0.016728797763280522,0.055762659210935074,0.033457595526561044,0.033457595526561044,0.05018639328984156,0.02230506368437403,0.05846536191363778,0.039033861447654555,0.011152531842187015,0.039033861447654555,0.4457595526561044,0.2424821373097235,0.18654861758310035,0.12520969245107177,699.0,20178.8,-11.0,206.0,133.0,5.0,19.0,29.0,4.0,14.0,18.0,26.0,7.0,19.0,5.0,146.0,22.5,-33.5,5.765000000000001,0.6455517021728361,0.13158889098809748,11478.470000000001,64.63499999999999
EAM48116.1,237.0,2319.955,7206.505,0.08439419567346212,0.012659129351019318,0.059075936971423486,0.07382711653164782,0.025318258702038635,0.08439419567346212,0.037977388053057955,0.08017448588978901,0.06329564675509658,0.10549274459182764,0.029537968485711743,0.03584972847858987,0.03163001869491676,0.025318258702038635,0.059075936971423486,0.03163001869491676,0.037977388053057955,0.08861390545713523,0.008439419567346212,0.025318258702038635,0.5379951927356894,0.16875278198166116,0.1329030535030713,0.16034897177957802,902.0,26332.9,6.5,203.0,177.5,4.0,20.0,28.0,32.0,33.0,41.0,15.0,13.0,15.0,6.0,207.0,38.0,-31.5,6.09,0.8745782050348361,0.09667476181580423,16289.630000000001,285078876555.37
EAQ77076.1,178.0,2242.925,6005.885,0.0730429292929293,0.03371212121212121,0.10113636363636364,0.09551767676767677,0.05056818181818182,0.07866161616161615,0.028093434343434344,0.03648989898989899,0.05618686868686869,0.05618686868686869,0.014015151515151515,0.05056818181818182,0.05056818181818182,0.03648989898989899,0.04210858585858586,0.028093434343434344,0.05056818181818182,0.04494949494949495,0.022474747474747474,0.05056818181818182,0.4269570707070707,0.25,0.1966540404040404,0.12638888888888888,722.0,20354.25,-12.5,213.0,130.5,14.0,35.0,24.0,2.0,10.0,14.0,40.0,9.0,28.0,2.0,178.0,22.5,-35.0,5.725,0.6126124140363252,0.1967741935483871,12794.305,147.025
EAU54713.1,180.5,1909.345,6679.455,0.08031326781326781,0.022174447174447175,0.0831541769041769,0.08031326781326781,0.03880528255528255,0.07206695331695331,0.02771805896805897,0.07192874692874693,0.055297911547911555,0.041507985257985255,0.041507985257985255,0.041507985257985255,0.04989250614250615,0.02771805896805897,0.04434889434889435,0.06097972972972973,0.05543611793611794,0.04989250614250615,0.011087223587223588,0.04434889434889435,0.457002457002457,0.25216523341523345,0.16346744471744473,0.12736486486486487,697.0,20245.75,-6.5,198.0,131.0,0.0,26.0,26.0,4.0,25.0,19.0,25.0,11.0,12.0,6.0,154.0,23.0,-29.5,5.835,0.6614619211634137,0.1689451476793249,9462.15,5513.3150000000005
EEA90248.1,210.5,2721.5550000000003,6631.755,0.0973726977248104,0.03801011195377393,0.09502527988443482,0.0712689599133261,0.04751263994221741,0.09977654387865656,0.019005055976886964,0.05695873961719032,0.028507583965330444,0.04510879378837125,0.019005055976886964,0.028507583965330444,0.042761375947995665,0.023756319971108705,0.05226390393643915,0.035606265799927775,0.07602022390754785,0.08077148790176959,0.014253791982665222,0.028507583965330444,0.5035211267605634,0.23040808956301914,0.16629423979776092,0.09977654387865656,762.5,22879.5,-14.0,219.0,131.5,5.0,26.0,59.0,8.0,34.0,32.0,23.0,14.0,26.0,4.0,231.0,21.0,-35.0,5.745,0.6004587155963302,0.11280991735537191,15226.59,1411.295
EOA62006.1,212.0,2624.99,6565.82,0.07068278456777755,0.037756851221086844,0.08967252165008126,0.07551370244217369,0.04719606402635856,0.11557470112869833,0.014158819207907567,0.058939424297068055,0.051804358957234134,0.058939424297068055,0.014158819207907567,0.051915670428994413,0.03303724481845099,0.028317638415815135,0.04006099868652463,0.051915670428994413,0.04006099868652463,0.06365903069970391,0.018878425610543422,0.037756851221086844,0.48106591865357645,0.24772368040250228,0.16518622409225495,0.10602417685166635,788.5,23297.45,-12.5,224.0,144.0,6.0,23.0,31.0,12.0,48.0,14.0,33.0,21.0,23.0,6.0,217.0,22.5,-35.0,5.76,0.6427503736920777,0.10628205128205129,15028.345000000001,2354.7250000000004
EWC76322.1,220.0,2084.335,9399.439999999999,0.05912144702842377,0.025064599483204136,0.0931782945736434,0.08186046511627906,0.07043927648578811,0.08175710594315246,0.02728682170542636,0.07498708010335917,0.07266149870801034,0.059018087855297156,0.01364341085271318,0.043255813953488376,0.04093023255813953,0.02728682170542636,0.0454780361757106,0.034056847545219635,0.05457364341085272,0.0386046511627907,0.01364341085271318,0.043152454780361754,0.4521447028423773,0.22739018087855295,0.1750387596899225,0.1454263565891473,898.0,25197.7,-6.5,239.5,167.0,3.0,26.0,23.0,8.0,28.0,7.0,23.0,19.0,12.0,6.0,155.0,32.0,-38.5,5.865,0.6972312306029222,0.1675576344804544,11064.855,247.435
KZD16972.1,162.0,1703.4299999999998,5687.375,0.10816684459356413,0.03389507396675309,0.08948452035992069,0.07411926185755681,0.037059630928778405,0.08631996339789538,0.006176605154796401,0.07697880128107365,0.030883025773982005,0.11102638401708098,0.018529815464389202,0.018529815464389202,0.027718468811956685,0.018529815464389202,0.1297087082507244,0.02787097758121092,0.05558944639316761,0.006176605154796401,0.018529815464389202,0.024706420619185605,0.49050632911392406,0.17912154948909564,0.1636037822174775,0.16676833917950282,642.0,18393.0,0.5,150.0,153.5,8.0,28.0,6.0,2.0,14.0,16.0,11.0,4.0,32.0,1.0,122.0,27.0,-26.5,6.135,1.0234010400462243,0.22983870967741937,13019.225,2272.89
SEH14556.1,257.0,2870.27,8511.4,0.10505836575875487,0.01556420233463035,0.08171206225680934,0.08560311284046693,0.038910505836575876,0.06809338521400779,0.03696498054474708,0.058365758754863814,0.058365758754863814,0.06420233463035019,0.007782101167315175,0.02529182879377432,0.042801556420233464,0.027237354085603113,0.0622568093385214,0.054474708171206226,0.07003891050583658,0.054474708171206226,0.01556420233463035,0.027237354085603113,0.45525291828793774,0.2198443579766537,0.16731517509727625,0.1575875486381323,991.0,28634.15,-2.5,279.5,204.5,18.0,27.0,36.0,21.0,42.0,24.0,46.0,8.0,27.0,3.0,252.0,40.5,-43.0,5.965,0.7316628264208909,0.10714285714285714,18873.845,187049.45500000002
WP_000892444.1,195.5,2219.16,7206.635,0.10996127479198284,0.020461562614474856,0.08184625045789942,0.07673085980428071,0.06138468784342457,0.08184625045789942,0.028115024334083416,0.08438432152388926,0.09207703176513685,0.05626929718980585,0.015346171960856142,0.04861583547019729,0.020461562614474856,0.025576953268093568,0.025576953268093568,0.03834580564132084,0.04092312522894971,0.04092312522894971,0.010230781307237428,0.04092312522894971,0.4808074729185201,0.21484640745198597,0.15857711026218013,0.14576900936731382,754.5,21794.5,-2.5,197.5,139.0,6.0,26.0,18.0,10.0,31.0,11.0,22.0,16.0,23.0,1.0,164.0,28.5,-31.0,5.9,0.7038019791826898,0.15853658536585366,10433.529999999999,2790.655
WP_002678768.1,228.5,2292.4700000000003,9094.029999999999,0.08314180648126868,0.013129165709032406,0.08534436528001225,0.10941929058453995,0.03501110855741975,0.09628054853290431,0.03063471998774228,0.08315138282387191,0.07877499425419443,0.09846395464644142,0.008752777139354937,0.02844173753160193,0.03063471998774228,0.008752777139354937,0.0372040910135601,0.048140274266452156,0.04376388569677468,0.04157090324063434,0.008752777139354937,0.03063471998774228,0.48575997854899255,0.1728625603309584,0.1947636558645522,0.14661380525549683,863.0,25224.35,-11.0,251.0,150.5,9.0,19.0,39.0,31.0,17.0,24.0,23.0,10.0,16.0,10.0,198.0,33.5,-44.5,5.85,0.5997205284552846,0.09595959595959597,11439.939999999999,647.85
WP_002810560.1,175.0,2251.99,5692.51,0.06865212985059989,0.03708849586452646,0.10001961489424302,0.0743731406714832,0.04576808656706659,0.07417699172905293,0.04004707574618327,0.051292948445519626,0.05721010820883324,0.04557193762463631,0.008483441760109843,0.04004707574618327,0.04576808656706659,0.03136748504364314,0.04576808656706659,0.04004707574618327,0.06293111902971657,0.051292948445519626,0.022884043283533294,0.05721010820883324,0.4138906142731047,0.26869135963908597,0.17439275556572625,0.1430252705220831,711.5,20019.5,-5.5,200.0,134.0,10.0,34.0,21.0,0.0,6.0,18.0,37.0,11.0,37.0,1.0,175.0,25.0,-30.5,5.82,0.6700757670475856,0.19621749408983452,13112.98,711.82
WP_005223505.1,211.0,2447.385,7089.02,0.07583108715184186,0.03317610062893082,0.09952830188679246,0.07583108715184186,0.05213387241689128,0.11374663072776281,0.03317610062893082,0.04027403414195867,0.03791554357592093,0.04027403414195867,0.018957771787960466,0.056873315363881405,0.042654986522911054,0.028436657681940702,0.03791554357592093,0.049752920035938904,0.06635220125786163,0.04977538185085355,0.018957771787960466,0.028436657681940702,0.45260557053009887,0.26302785265049416,0.17535938903863432,0.10900718778077269,780.5,23122.6,-14.0,246.0,141.5,3.0,26.0,35.0,5.0,39.0,10.0,24.0,17.0,27.0,8.0,194.0,23.0,-37.0,5.69,0.575204494753367,0.13403486394557823,14263.83,838.47
WP_006317886.1,184.0,1924.63,7599.035,0.0924022214344795,0.0271771239513175,0.0923431407302375,0.10052581826775375,0.040736145574855255,0.08965496868722675,0.0380479735318445,0.07884319981094175,0.06797235023041474,0.054354247902635,0.010870849580527,0.0380479735318445,0.0380479735318445,0.021741699161054,0.062477844735909255,0.021741699161054,0.0380479735318445,0.043483398322108,0.010870849580527,0.032612548741580996,0.4592638544251447,0.17936901807869549,0.19286895899799125,0.1684981684981685,721.0,20701.5,-4.5,199.0,143.0,8.0,29.0,25.0,6.0,19.0,10.0,14.0,4.0,13.0,6.0,134.0,31.0,-35.5,5.925000000000001,0.7190951598635157,0.2163547237076649,10284.529999999999,176.13
WP_010049453.1,185.5,1794.93,6243.23,0.09971518251569403,0.032347128574750056,0.08625900953266682,0.08086782143687515,0.05662927226226459,0.10243257382004185,0.021564752383166706,0.07815043013252732,0.0350209253661939,0.04041211346198559,0.021564752383166706,0.037738316670541734,0.04312950476633341,0.02695594047895838,0.048520692862125084,0.021564752383166706,0.08086782143687515,0.037738316670541734,0.010782376191583353,0.037738316670541734,0.4905545222041386,0.23721227621483376,0.16712683096954195,0.1051063706114857,693.5,20435.25,-11.5,197.0,120.5,2.0,22.0,34.0,6.0,19.0,9.0,20.0,4.0,25.0,2.0,143.0,19.5,-31.0,5.755,0.6116751269035533,0.15391389432485322,10559.125,5619.51
WP_010883016.1,198.0,2147.67,6742.475,0.07322143713491314,0.0353544371604214,0.08081014208096318,0.07575950820090299,0.055556972680662196,0.08081014208096318,0.025253169400301,0.07575950820090299,0.055556972680662196,0.05301890161467235,0.02776573221437135,0.030303803280361197,0.04040507104048159,0.04291763385455195,0.0353544371604214,0.042943142106471446,0.08081014208096318,0.032841874346351045,0.010101267760120398,0.045455704920541795,0.44948090707343824,0.277784863403311,0.1565696502818662,0.1161645792413846,769.5,22255.1,-8.0,216.0,137.5,0.0,31.0,16.0,5.0,21.0,17.0,14.0,7.0,26.0,4.0,141.0,23.0,-31.0,5.79,0.6365740740740741,0.21988315874294923,9456.675,127.28
WP_011044983.1,179.0,1696.04,6448.175,0.053048038205824516,0.03352373817773199,0.08939663514061866,0.07822205574804134,0.04469831757030933,0.100571214533196,0.022349158785154664,0.08098448668726785,0.03911102787402067,0.04469831757030933,0.016761869088865997,0.04746074850953585,0.03352373817773199,0.03911102787402067,0.050285607266598,0.06980990729469051,0.06704747635546399,0.03352373817773199,0.011174579392577332,0.04469831757030933,0.4189842994038143,0.30165121578175236,0.16761869088866,0.11174579392577333,685.5,19964.95,-10.0,212.0,135.5,2.0,30.0,12.0,2.0,20.0,8.0,23.0,8.0,15.0,4.0,124.0,20.0,-30.0,5.76,0.6391410769915442,0.24193548387096775,11672.849999999999,3608.1450000000004
WP_011137085.1,204.0,2360.715,6379.805,0.08327925589444084,0.019612084505011174,0.10296344365130868,0.05883625351503353,0.06366717138942966,0.11028192371475953,0.014709063378758382,0.05883625351503353,0.05883625351503353,0.053933232388780734,0.02451510563126397,0.04412719013627514,0.04412719013627514,0.029418126757516764,0.03183358569471483,0.03922416901002235,0.053933232388780734,0.05883625351503353,0.014709063378758382,0.034321147883769554,0.5121854495637753,0.22063595068137573,0.16179969716634218,0.10537890258850674,759.5,22379.25,-11.5,210.0,130.5,7.0,35.0,24.0,7.0,52.0,17.0,20.0,17.0,32.0,5.0,216.0,21.5,-33.0,5.765000000000001,0.6214285714285714,0.16209380090885706,11714.225,3094.06
WP_011281768.1,170.5,1666.83,6365.725,0.058651530787753696,0.041056071551427584,0.09384244926040591,0.09091847265221878,0.041056071551427584,0.10263157894736842,0.029325765393876848,0.08797729618163055,0.04692122463020296,0.058651530787753696,0.00586515307877537,0.04984520123839009,0.03519091847265222,0.03519091847265222,0.029325765393876848,0.06451668386652906,0.04692122463020296,0.029325765393876848,0.01173030615755074,0.041056071551427584,0.4310801513587891,0.2785861713106295,0.1847609219126247,0.10557275541795666,642.5,18857.25,-13.5,205.0,111.0,3.0,24.0,24.0,0.0,26.0,11.0,13.0,4.0,20.0,0.0,125.0,18.0,-31.5,5.655,0.5415000951837046,0.19201228878648233,7583.75,192.125
WP_011444079.1,230.0,2685.98,7442.585,0.0673738748959988,0.02174570758641555,0.0826336888283791,0.09125633461916648,0.03044399062098177,0.09781786551698056,0.05218969820739732,0.06958626427652977,0.0434914151728311,0.09346872399969745,0.00869828303456622,0.02609484910369866,0.03044399062098177,0.02609484910369866,0.05432645034414946,0.04784055669011421,0.04997730882686635,0.06523712275924665,0.00869828303456622,0.03258074275773391,0.47176839875954923,0.20433401406852736,0.17389002344754556,0.1500075637243779,879.5,25554.85,-5.5,248.5,160.5,2.0,30.0,36.0,24.0,25.0,48.0,14.0,6.0,24.0,9.0,218.0,34.5,-40.0,5.88,0.6458799131590032,0.13771900269541779,11315.335,1039.135
WP_011455057.1,188.0,2123.84,6186.3,0.08510879099114393,0.031915796621678975,0.08243499419970007,0.07447019211725094,0.04255439549557197,0.11170528817587641,0.03456129926718162,0.05851229380641145,0.04255439549557197,0.05319299436946495,0.026596497184732476,0.03723509605862547,0.031915796621678975,0.026596497184732476,0.04255439549557197,0.06915089268030444,0.05851229380641145,0.04255439549557197,0.010638598873892992,0.03723509605862547,0.46277905101434513,0.2606456724103783,0.15690518631695102,0.11967009025832555,685.0,20498.300000000003,-7.0,203.5,127.5,4.0,20.0,46.0,4.0,29.0,18.0,21.0,4.0,27.0,2.0,175.0,22.5,-29.5,5.8,0.6266000096604356,0.1141233342043376,10508.77,5211.06
WP_011479842.1,187.5,2124.62,5898.34,0.08000056889293436,0.02932643076572989,0.0853339401524633,0.07734099442484924,0.05866708385481852,0.11733416770963705,0.021333485038115826,0.045326544544316755,0.04266697007623165,0.04266697007623165,0.016000113778586872,0.04800034133576061,0.04800034133576061,0.032000227557173744,0.032000227557173744,0.04800034133576061,0.06400045511434749,0.05866708385481852,0.016000113778586872,0.037333598816702694,0.48266298782569117,0.258661394925475,0.16267493457731255,0.09600068267152122,689.5,20453.25,-12.5,205.0,119.0,0.0,27.0,35.0,6.0,41.0,11.0,29.0,11.0,18.0,4.0,182.0,18.0,-30.5,5.705,0.5805430618024321,0.14789244186046513,10186.54,762.395
WP_011529847.1,213.5,2757.035,6059.79,0.08197189284145806,0.021025472112428632,0.07969916556873079,0.06563460693895476,0.04688186209925341,0.10782828282828283,0.03281730346947738,0.05611550285463329,0.03977821695212999,0.05384277558190602,0.023298199385155906,0.04915458937198068,0.051570048309178745,0.03750548967940272,0.03977821695212999,0.04219367588932806,0.0703227931488801,0.04673913043478261,0.01406455862977602,0.03977821695212999,0.4823122529644269,0.2599802371541502,0.14533377250768553,0.11237373737373738,798.5,23479.5,-7.0,224.5,147.5,10.0,28.0,41.0,14.0,47.0,15.0,32.0,32.0,29.0,5.0,253.0,24.0,-31.0,5.8100000000000005,0.6568812254454541,0.11231884057971014,14970.275,80155116.75
WP_011870774.1,168.0,1749.44,5945.305,0.0625,0.023809523809523808,0.08630952380952381,0.07142857142857142,0.05357142857142857,0.1130952380952381,0.02976190476190476,0.047619047619047616,0.041666666666666664,0.04464285714285714,0.011904761904761904,0.05952380952380952,0.05357142857142857,0.03571428571428571,0.03571428571428571,0.041666666666666664,0.08035714285714285,0.047619047619047616,0.017857142857142856,0.041666666666666664,0.4523809523809524,0.28273809523809523,0.15773809523809523,0.10714285714285714,638.0,18576.15,-8.5,191.0,118.5,2.0,23.0,20.0,3.0,19.0,7.0,29.0,11.0,24.0,4.0,142.0,18.0,-26.5,5.745,0.6205308181618776,0.1621031746031746,9708.490000000002,463.95500000000004
WP_012464304.1,180.5,1681.53,7193.24,0.07750046048996131,0.022164916804813653,0.09974212562166145,0.07757720881684779,0.06649475041444097,0.0637625099772825,0.013814698839565298,0.07203597961564437,0.07203597961564437,0.06922699085159943,0.011082458402406827,0.044329833609627306,0.05541229201203414,0.033247375207220486,0.04706207404678578,0.038788604408423896,0.04987106281083072,0.03043838644317554,0.016623687603610243,0.038788604408423896,0.4625775158101554,0.22719039724933998,0.17731933443850922,0.13291275250199547,733.0,20614.550000000003,-8.0,197.5,138.0,3.0,26.0,13.0,4.0,28.0,7.0,16.0,11.0,15.0,0.0,123.0,24.0,-32.0,5.85,0.6987001999692355,0.21299734748010613,9391.8,56.36
WP_012911045.1,364.5,4161.575,10570.085,0.0740742134577751,0.017830799337648653,0.10699608610567515,0.06172662953484871,0.030178383260575044,0.0740742134577751,0.03154824627427367,0.0631002559084751,0.05761327713382508,0.06996086105675146,0.010973957549300015,0.030178383260575044,0.049382808971850066,0.032921872647900044,0.05075643534547644,0.05486978774650007,0.056239650760198705,0.08367830799337649,0.013717446936625018,0.030178383260575044,0.46914044859250337,0.22221887701339754,0.16872271564052385,0.1399179587535752,1388.0,40422.0,-10.5,395.5,269.5,19.0,47.0,57.0,53.0,35.0,32.0,47.0,13.0,20.0,10.0,333.0,51.0,-61.5,5.88,0.6815028643036162,0.14112786837927552,24813.93,106445238.56
WP_013026734.1,174.5,1908.755,6743.18,0.06587504927079227,0.022927342004992773,0.0974412035212193,0.08024569701747472,0.05441137826829589,0.0974412035212193,0.028659177506240967,0.057318355012481934,0.03439101300748916,0.028659177506240967,0.01719550650374458,0.05158651951123375,0.03439101300748916,0.03439101300748916,0.07160688477204047,0.06014321376954408,0.07160688477204047,0.04012284850873736,0.011463671002496387,0.04012284850873736,0.4068782026014979,0.2807778215740376,0.177686900538694,0.1346570752857706,683.0,19627.35,-7.5,212.0,147.5,0.0,38.0,18.0,2.0,14.0,9.0,28.0,6.0,17.0,6.0,138.0,23.5,-31.0,5.824999999999999,0.6956608811748999,0.27559386167752786,12652.150000000001,383.28000000000003
WP_014624852.1,191.0,2064.355,6535.01,0.07853618421052631,0.015707236842105263,0.06806469298245614,0.08114035087719298,0.03141447368421053,0.07593201754385964,0.02617872807017544,0.05496162280701754,0.07066885964912281,0.06806469298245614,0.02617872807017544,0.02617872807017544,0.05759320175438597,0.02617872807017544,0.05759320175438597,0.047121710526315794,0.06282894736842105,0.07330043859649123,0.02617872807017544,0.02617872807017544,0.4921600877192982,0.2041940789473684,0.1492050438596491,0.15444078947368423,745.0,21445.8,1.0,186.0,151.5,5.0,23.0,33.0,15.0,21.0,19.0,27.0,4.0,16.0,8.0,171.0,29.5,-28.5,6.03,0.8145235892691951,0.1344417077175698,12785.27,777.0999999999999
WP_015771297.1,174.0,1582.01,6038.83,0.1092098308668076,0.0,0.07756342494714588,0.06897463002114165,0.02299154334038055,0.06322674418604651,0.03739429175475687,0.0919661733615222,0.06897463002114165,0.08615221987315011,0.017243657505285413,0.034487315010570826,0.037328224101479915,0.031580338266384775,0.04023520084566597,0.0459830866807611,0.05173097251585624,0.08047040169133193,0.011495771670190275,0.02299154334038055,0.5200845665961945,0.1867732558139535,0.14653805496828753,0.14660412262156447,653.0,19136.2,0.0,169.5,123.5,1.0,11.0,22.0,22.0,8.0,27.0,20.0,6.0,13.0,6.0,136.0,25.5,-25.5,5.98,0.728728589332962,0.08116883116883117,12171.89,17.375
WP_034962069.1,180.5,1865.37,6484.700000000001,0.06636637559955724,0.030408313860533758,0.07480629688845161,0.09966486287049564,0.03884823514942812,0.1109949575697946,0.033298487270938384,0.05260730537449268,0.04994773090640758,0.05260730537449268,0.019308818103554296,0.044397983027917844,0.03884823514942812,0.022198991513958922,0.04150780961751322,0.06636637559955724,0.06370680113147215,0.044167384085598324,0.011099495756979461,0.03884823514942812,0.43484811216332553,0.265926700282868,0.17447115975894723,0.12475402779485917,671.0,19849.1,-9.0,210.0,127.0,2.0,32.0,28.0,2.0,19.0,12.0,16.0,5.0,24.0,2.0,142.0,22.5,-31.5,5.775,0.6050569072445989,0.2282499497689371,9872.395,5628.29
WP_068350622.1,172.5,1696.995,5914.06,0.06376865170049738,0.040580051082134694,0.08406707890845544,0.10144172603844603,0.04637720123672537,0.11303602634762737,0.040580051082134694,0.04637720123672537,0.03478290092754402,0.0579715015459067,0.01739145046377201,0.040580051082134694,0.03478290092754402,0.02898575077295335,0.03478290092754402,0.07536295200967871,0.05217435139131604,0.03478290092754402,0.011594300309181342,0.040580051082134694,0.4260821346955236,0.27826320742035215,0.18550880494690147,0.11014585293722275,642.5,18994.45,-13.0,210.0,110.0,0.0,33.0,23.0,2.0,25.0,5.0,11.0,6.0,17.0,3.0,125.0,19.0,-32.0,5.65,0.5238095238095238,0.26408090117767535,8949.205,294.49
WP_131153948.1,237.0,2484.015,8521.96,0.09282700421940929,0.012658227848101266,0.09282700421940929,0.08649789029535865,0.029535864978902954,0.08227848101265822,0.046413502109704644,0.052742616033755275,0.04219409282700422,0.04430379746835443,0.02109704641350211,0.02109704641350211,0.046413502109704644,0.0379746835443038,0.06329113924050633,0.046413502109704644,0.06329113924050633,0.07172995780590717,0.02109704641350211,0.02531645569620253,0.4620253164556962,0.20675105485232068,0.17932489451476794,0.1518987341772152,914.5,26450.1,-6.5,267.0,181.0,13.0,23.0,30.0,16.0,28.0,11.0,28.0,24.0,28.0,4.0,205.0,36.0,-42.5,5.890000000000001,0.6782451265209886,0.112173995811917,14700.8,-17.74
WP_141919126.1,186.0,1977.145,6769.530000000001,0.06174838112858465,0.03226179463459759,0.07527752081406106,0.10216234967622571,0.04301572617946346,0.11291628122109157,0.03763876040703053,0.0483926919518964,0.04301572617946346,0.04301572617946346,0.016130897317298797,0.04301572617946346,0.04301572617946346,0.02150786308973173,0.04029833487511564,0.06990055504162812,0.07527752081406106,0.0483926919518964,0.010753931544865866,0.03226179463459759,0.42738205365402404,0.2742252543940795,0.17743987049028676,0.12095282146160963,684.0,20345.85,-10.5,223.0,127.5,2.0,32.0,34.0,2.0,20.0,10.0,12.0,4.0,23.0,2.0,141.0,22.5,-33.0,5.734999999999999,0.5717488789237668,0.22696177062374245,10392.185000000001,6185.99
