GenBankID,UniProtID,pIspG,length,aa_A,aa_C,aa_D,aa_E,aa_F,aa_G,aa_H,aa_I,aa_K,aa_L,aa_M,aa_N,aa_P,aa_Q,aa_R,aa_S,aa_T,aa_V,aa_W,aa_Y,charged_aa,hydrophobic_aa,molecular_weight,isoelectric_point,aromaticity,instability_index,organism,GO:0005506,GO:0005829,GO:0009055,GO:0016114,GO:0019288,GO:0046429,GO:0046872,GO:0051539,GO:0141197,RMSE,binding_site_opening,CL_FLDA_A,CL_FLDA_B,Sphere10_length,Sphere10_aa_A,Sphere10_aa_C,Sphere10_aa_D,Sphere10_aa_E,Sphere10_aa_F,Sphere10_aa_G,Sphere10_aa_H,Sphere10_aa_I,Sphere10_aa_K,Sphere10_aa_L,Sphere10_aa_M,Sphere10_aa_N,Sphere10_aa_P,Sphere10_aa_Q,Sphere10_aa_R,Sphere10_aa_S,Sphere10_aa_T,Sphere10_aa_V,Sphere10_aa_W,Sphere10_aa_Y,Sphere10_charged_aa,Sphere10_hydrophobic_aa,Sphere10_molecular_weight
ABF40425.1,Q1IRS5,-,413,9.200968523002421,1.4527845036319613,6.5375302663438255,5.569007263922518,1.694915254237288,7.990314769975787,1.4527845036319613,6.779661016949152,6.5375302663438255,7.506053268765134,3.389830508474576,4.116222760290557,4.358353510895883,3.87409200968523,5.326876513317192,4.358353510895883,6.053268765133172,10.16949152542373,0.7263922518159807,2.9055690072639226,23.97094430992736,33.65617433414044,45073.423900000016,6.623356819152832,0.053268765133171914,27.518159806295394,Candidatus Koribacter versatilis Ellin345,1,0,0,1,1,1,0,1,1,1.1611489057540894,11.04197981982589,15.589696491676946,15.921904921745618,29.0,6.896551724137931,10.344827586206897,0.0,6.896551724137931,3.4482758620689653,20.689655172413794,0.0,3.4482758620689653,0.0,3.4482758620689653,3.4482758620689653,3.4482758620689653,10.344827586206897,0.0,3.4482758620689653,6.896551724137931,6.896551724137931,10.344827586206897,0.0,0.0,10.344827586206897,24.137931034482758,2810.2099000000007
SEH14556.1,A0A1H6FUS5,-,449,15.812917594654788,0.8908685968819599,4.4543429844097995,9.35412026726058,2.0044543429844097,8.463251670378618,2.2271714922048997,5.79064587973274,3.78619153674833,8.908685968819599,1.1135857461024499,2.2271714922048997,4.8997772828507795,2.4498886414253898,9.131403118040089,4.008908685968819,4.231625835189309,8.908685968819599,0.6681514476614699,0.6681514476614699,26.7260579064588,39.42093541202672,47961.221200000145,6.265782737731934,0.03340757238307349,35.32227171492206,Thermoleophilum album,0,0,0,1,1,1,1,1,1,2.151293992996216,10.05787567600883,42.84144624331506,42.09865242351525,34.0,11.76470588235294,8.823529411764707,0.0,5.88235294117647,5.88235294117647,14.705882352941178,0.0,5.88235294117647,0.0,11.76470588235294,2.941176470588235,2.941176470588235,5.88235294117647,2.941176470588235,5.88235294117647,0.0,8.823529411764707,5.88235294117647,0.0,0.0,11.76470588235294,35.294117647058826,3510.1366000000007
CAB91132.1,Q9KYR9,-,385,11.688311688311687,1.8181818181818181,5.194805194805195,7.2727272727272725,2.0779220779220777,8.831168831168831,1.2987012987012987,7.2727272727272725,5.194805194805195,6.753246753246753,2.0779220779220777,1.8181818181818181,5.454545454545454,5.194805194805195,5.194805194805195,5.974025974025974,4.675324675324675,10.649350649350648,0.2597402597402597,1.2987012987012987,22.857142857142858,36.36363636363637,40795.34700000001,5.362383842468262,0.03636363636363636,34.46285714285713,Streptomyces coelicolor A3(2),1,0,0,1,1,1,0,1,1,1.9210025072097778,8.028763146989213,30.91967114940282,30.688102885581994,40.0,15.0,7.5,0.0,5.0,0.0,15.0,0.0,2.5,2.5,2.5,2.5,2.5,5.0,10.0,2.5,7.5,2.5,17.5,0.0,0.0,10.0,37.5,3873.419
ABG04368.1,Q1AW60,+,357,11.204481792717088,1.400560224089636,6.162464985994398,7.563025210084033,3.361344537815126,9.243697478991598,2.801120448179272,6.722689075630252,5.322128851540616,6.722689075630252,2.801120448179272,2.5210084033613445,5.042016806722689,1.9607843137254901,7.282913165266107,4.481792717086835,3.6414565826330536,9.523809523809524,0.2801120448179272,1.9607843137254901,26.330532212885156,34.173669467787114,38733.01000000004,6.234123420715332,0.05602240896358543,38.65773109243695,Rubrobacter xylanophilus DSM 9941,1,0,0,1,1,1,0,1,1,2.313382863998413,8.690553972442554,18.26057203187019,18.19634417585966,28.0,17.857142857142858,10.714285714285714,0.0,3.571428571428571,3.571428571428571,14.285714285714285,0.0,7.142857142857142,0.0,3.571428571428571,3.571428571428571,3.571428571428571,7.142857142857142,0.0,3.571428571428571,3.571428571428571,3.571428571428571,14.285714285714285,0.0,0.0,7.142857142857142,42.857142857142854,2707.2192000000005
AAT83253.1,Q6A7L2,+,380,10.789473684210527,2.368421052631579,6.052631578947368,6.315789473684211,2.631578947368421,9.210526315789473,2.368421052631579,7.368421052631578,4.736842105263158,7.368421052631578,2.1052631578947367,2.368421052631579,5.263157894736842,3.9473684210526314,4.736842105263158,4.2105263157894735,6.052631578947368,10.526315789473683,0.2631578947368421,1.3157894736842104,21.842105263157897,36.05263157894737,40390.97410000002,5.35567684173584,0.04210526315789474,27.649736842105263,Cutibacterium acnes KPA171202,1,0,0,1,1,1,0,1,1,1.5715667009353638,7.497953888662,28.51525634204064,28.49420016492257,42.0,15.456608054452637,9.52921157118548,0.0,2.38230289279637,2.38230289279637,16.676120249574588,0.0,2.38230289279637,0.0,4.76460578559274,2.38230289279637,2.38230289279637,2.38230289279637,9.52921157118548,4.76460578559274,4.76460578559274,3.5450935904707883,16.676120249574588,0.0,0.0,7.146908678389109,39.279636982416335,4094.7423999999996
EEA90248.1,B6GBY4,-,353,10.764872521246458,3.1161473087818696,6.515580736543909,6.232294617563739,1.69971671388102,10.198300283286118,1.69971671388102,6.515580736543909,2.5495750708215295,8.21529745042493,1.69971671388102,1.41643059490085,5.6657223796034,2.5495750708215295,6.515580736543909,5.382436260623229,5.6657223796034,12.464589235127479,0.56657223796034,0.56657223796034,21.813031161473088,37.960339943342774,36921.040700000034,4.9741735458374015,0.028328611898016998,29.51246458923512,Collinsella stercoris DSM 13279,1,0,0,1,1,1,0,1,1,1.5213079452514648,8.847341593633775,13.944026739076147,14.548507152572713,29.0,10.344827586206897,13.793103448275861,0.0,3.4482758620689653,0.0,17.24137931034483,0.0,0.0,0.0,3.4482758620689653,3.4482758620689653,3.4482758620689653,6.896551724137931,3.4482758620689653,3.4482758620689653,3.4482758620689653,6.896551724137931,20.689655172413794,0.0,0.0,6.896551724137931,34.48275862068966,2779.2637000000004
ACU53587.1,C7LXX9,+,395,16.962025316455694,1.0126582278481013,4.556962025316456,8.60759493670886,1.7721518987341773,9.620253164556962,1.7721518987341773,5.5696202531645564,2.278481012658228,9.873417721518987,2.0253164556962027,1.7721518987341773,5.822784810126582,3.0379746835443036,8.354430379746836,2.7848101265822782,4.050632911392405,9.113924050632912,0.0,1.0126582278481013,23.79746835443038,41.51898734177215,41439.09660000005,5.376934623718263,0.02784810126582278,34.29772151898733,Acidimicrobium ferrooxidans DSM 10331,1,0,0,1,1,1,0,1,1,1.8638194799423218,8.954231893229785,32.39120496912093,31.932857572776122,41.0,12.195121951219512,7.317073170731707,0.0,7.317073170731707,2.4390243902439024,14.634146341463413,0.0,7.317073170731707,0.0,2.4390243902439024,2.4390243902439024,2.4390243902439024,9.75609756097561,2.4390243902439024,7.317073170731707,4.878048780487805,0.0,14.634146341463413,0.0,2.4390243902439024,14.634146341463413,36.58536585365854,4174.846999999999
AEW97312.1,F8JZL2,-,385,13.506493506493506,2.0779220779220777,4.935064935064935,6.753246753246753,2.0779220779220777,8.831168831168831,1.0389610389610389,6.753246753246753,4.675324675324675,7.532467532467532,1.8181818181818181,1.8181818181818181,5.194805194805195,4.675324675324675,5.194805194805195,5.454545454545454,4.415584415584416,11.688311688311687,0.2597402597402597,1.2987012987012987,21.558441558441558,39.48051948051948,40379.08940000002,5.354881095886231,0.03636363636363636,37.175064935064924,Streptantibioticus cattleyicolor NRRL 8057 = DSM 46488,1,0,0,1,1,1,0,1,1,2.051410675048828,8.08417455882001,31.56168750231924,31.969882772569818,39.5,15.192307692307693,7.596153846153847,0.0,5.064102564102564,0.0,15.192307692307693,0.0,2.532051282051282,2.532051282051282,2.532051282051282,2.532051282051282,2.532051282051282,5.064102564102564,10.128205128205128,2.532051282051282,7.596153846153847,0.0,17.724358974358974,0.0,1.25,10.128205128205128,37.98076923076923,3853.9017
AAC07467.1,O67496,+,357,7.002801120448179,1.400560224089636,4.201680672268908,9.803921568627452,1.9607843137254901,9.523809523809524,1.680672268907563,8.683473389355742,8.683473389355742,7.002801120448179,2.5210084033613445,3.081232492997199,3.6414565826330536,1.9607843137254901,5.602240896358544,5.042016806722689,4.201680672268908,11.204481792717088,0.8403361344537815,1.9607843137254901,28.291316526610643,33.89355742296919,39127.982400000015,7.617982292175294,0.047619047619047616,36.8016806722689,Aquifex aeolicus VF5,1,0,0,1,1,1,0,1,1,1.8483920097351074,9.200533211496149,14.324073835745393,15.026688825796272,29.0,17.24137931034483,13.793103448275861,0.0,6.896551724137931,0.0,10.344827586206897,0.0,6.896551724137931,0.0,6.896551724137931,3.4482758620689653,3.4482758620689653,3.4482758620689653,0.0,3.4482758620689653,0.0,3.4482758620689653,20.689655172413794,0.0,0.0,10.344827586206897,51.724137931034484,2862.4780999999994
ADU96577.1,E8T5Z3,-,356,9.550561797752808,1.6853932584269662,2.8089887640449436,10.112359550561797,2.8089887640449436,9.269662921348315,1.9662921348314606,6.460674157303371,7.303370786516854,8.146067415730338,1.4044943820224718,2.528089887640449,3.932584269662921,1.4044943820224718,5.617977528089887,5.8988764044943816,3.932584269662921,12.921348314606742,0.8426966292134831,1.4044943820224718,25.842696629213485,37.07865168539326,38369.05610000001,7.058800315856933,0.05056179775280899,27.065168539325835,Thermovibrio ammonificans HB-1,1,0,0,1,1,1,0,1,1,1.9232836961746216,9.038996180189281,14.347962305184346,14.396654691585685,28.0,14.285714285714285,14.285714285714285,0.0,3.571428571428571,0.0,17.857142857142858,0.0,7.142857142857142,0.0,0.0,7.142857142857142,3.571428571428571,7.142857142857142,0.0,3.571428571428571,3.571428571428571,3.571428571428571,14.285714285714285,0.0,0.0,7.142857142857142,35.714285714285715,2667.2001
ACU05649.1,C6XST6,-,644,7.763975155279502,1.2422360248447204,6.6770186335403725,6.055900621118012,2.484472049689441,7.453416149068323,1.8633540372670807,6.211180124223603,5.590062111801243,10.093167701863354,3.7267080745341614,4.658385093167702,3.7267080745341614,3.260869565217391,4.813664596273292,4.968944099378882,6.6770186335403725,7.298136645962733,0.4658385093167702,4.968944099378882,23.136645962732917,31.366459627329192,71624.21040000036,5.4155282974243155,0.07919254658385093,24.660714285714263,Pedobacter heparinus DSM 2366,1,0,0,1,1,1,0,1,1,12.317587852478027,9.42462014245407,17.45113414679823,17.447603813415423,28.0,0.0,10.714285714285714,0.0,3.571428571428571,3.571428571428571,21.428571428571427,0.0,10.714285714285714,0.0,7.142857142857142,7.142857142857142,3.571428571428571,7.142857142857142,0.0,3.571428571428571,7.142857142857142,3.571428571428571,7.142857142857142,0.0,3.571428571428571,7.142857142857142,25.0,2875.4320000000007
ALO15331.1,A0A0S2HZ10,-,638,8.307210031347962,0.9404388714733543,5.6426332288401255,6.896551724137931,3.2915360501567394,6.739811912225706,2.3510971786833856,6.739811912225706,6.112852664576803,8.150470219435736,2.8213166144200628,5.015673981191222,3.605015673981191,3.2915360501567394,5.6426332288401255,5.329153605015674,6.583072100313479,9.090909090909092,0.7836990595611284,2.664576802507837,24.294670846394983,32.288401253918494,70799.24380000035,6.350472831726075,0.06739811912225704,33.007523510971815,Salinivirga cyanobacteriivorans,1,0,0,1,1,1,0,1,1,10.818547248840332,8.975313001048,20.434636687054798,20.627601653807762,41.0,2.4390243902439024,7.317073170731707,2.4390243902439024,4.878048780487805,2.4390243902439024,14.634146341463413,2.4390243902439024,7.317073170731707,0.0,0.0,7.317073170731707,4.878048780487805,4.878048780487805,2.4390243902439024,9.75609756097561,7.317073170731707,9.75609756097561,7.317073170731707,0.0,2.4390243902439024,17.073170731707318,17.073170731707318,4433.040300000001
KZD16972.1,A0A1V6K6T3,-,360,13.055555555555557,1.3888888888888888,3.888888888888889,6.666666666666667,1.9444444444444444,10.833333333333334,2.2222222222222223,8.055555555555555,1.3888888888888888,8.333333333333332,1.3888888888888888,1.6666666666666667,5.833333333333333,1.6666666666666667,10.833333333333334,6.944444444444445,4.722222222222222,8.61111111111111,0.5555555555555556,0.0,22.77777777777778,38.05555555555556,37835.05420000004,9.473903083801272,0.025,38.57749999999999,Candidatus Fermentibacter danicus,1,0,0,1,1,1,0,1,1,1.8101950883865356,11.292474035628253,35.09967483440213,35.49672065580651,28.0,10.714285714285714,10.714285714285714,0.0,7.142857142857142,0.0,14.285714285714285,0.0,7.142857142857142,0.0,0.0,3.571428571428571,3.571428571428571,7.142857142857142,0.0,7.142857142857142,3.571428571428571,7.142857142857142,17.857142857142858,0.0,0.0,14.285714285714285,35.714285714285715,2790.266600000001
DAA93923.1,A0A292RBG3,-,351,6.837606837606838,1.7094017094017095,5.698005698005698,7.122507122507122,1.9943019943019942,7.977207977207977,1.4245014245014245,10.256410256410255,8.547008547008547,10.256410256410255,1.7094017094017095,6.837606837606838,3.133903133903134,2.564102564102564,5.698005698005698,5.128205128205128,3.9886039886039883,7.4074074074074066,0.0,1.7094017094017095,27.065527065527068,34.75783475783476,38588.27960000001,8.741929054260254,0.037037037037037035,29.78034188034188,Candidatus Gastranaerophilales bacterium HUM_7,1,0,0,1,1,1,0,1,1,1.773446798324585,8.547391276991114,16.645327720814546,15.917198718151669,29.0,13.793103448275861,10.344827586206897,0.0,3.4482758620689653,3.4482758620689653,17.24137931034483,0.0,6.896551724137931,0.0,3.4482758620689653,3.4482758620689653,3.4482758620689653,6.896551724137931,3.4482758620689653,3.4482758620689653,3.4482758620689653,10.344827586206897,6.896551724137931,0.0,0.0,6.896551724137931,31.03448275862069,2825.2676
AXA34785.1,A0A2Z4Y2M4,-,384,10.9375,1.8229166666666667,3.6458333333333335,8.854166666666668,1.8229166666666667,7.8125,1.3020833333333335,7.8125,3.125,7.8125,1.5625,3.90625,4.427083333333334,3.3854166666666665,9.114583333333332,5.46875,5.46875,8.854166666666668,0.26041666666666663,2.604166666666667,24.739583333333336,35.41666666666667,41903.416300000055,6.5753278732299805,0.046875,43.41354166666665,Candidatus Sumerlaea chitinivorans,1,0,0,1,1,1,0,1,1,1.23964262008667,9.392527275685257,17.855371739617574,17.70255201650049,28.0,10.714285714285714,10.714285714285714,3.571428571428571,7.142857142857142,3.571428571428571,14.285714285714285,0.0,0.0,0.0,0.0,3.571428571428571,3.571428571428571,7.142857142857142,0.0,3.571428571428571,3.571428571428571,7.142857142857142,17.857142857142858,0.0,3.571428571428571,14.285714285714285,28.57142857142857,2833.2001
AAP05169.1,Q823I7,-,606,6.6006600660066,2.31023102310231,4.455445544554455,8.085808580858085,3.9603960396039604,6.9306930693069315,3.7953795379537953,6.270627062706271,7.590759075907591,9.405940594059405,2.6402640264026402,3.3003300330033,4.62046204620462,2.31023102310231,3.6303630363036308,5.6105610561056105,6.9306930693069315,8.745874587458747,0.6600660066006601,2.145214521452145,23.762376237623762,31.02310231023102,67124.83920000016,6.307161521911622,0.06765676567656766,29.639438943894373,Chlamydia caviae GPIC,1,0,0,1,1,1,0,1,1,20.796083450317383,9.740292821613092,45.72397961273816,46.17247764958104,43.5,4.59830866807611,6.897463002114165,2.299154334038055,4.59830866807611,4.59830866807611,13.79492600422833,2.299154334038055,4.59830866807611,0.0,5.734672304439746,6.897463002114165,4.59830866807611,4.59830866807611,0.0,11.495771670190274,6.897463002114165,9.19661733615222,6.897463002114165,0.0,0.0,18.39323467230444,21.82875264270613,4685.911700000001
ACZ37901.1,D1C7R8,-,368,11.41304347826087,1.0869565217391304,5.706521739130435,8.152173913043478,2.1739130434782608,8.695652173913043,2.717391304347826,8.423913043478262,5.163043478260869,7.880434782608696,2.1739130434782608,2.1739130434782608,5.978260869565218,1.9021739130434785,7.065217391304348,2.717391304347826,4.3478260869565215,11.141304347826086,0.0,1.0869565217391304,26.08695652173913,38.858695652173914,39567.423800000004,5.981701469421386,0.03260869565217391,32.73532608695651,Sphaerobacter thermophilus DSM 20745,1,0,0,1,1,1,0,1,1,1.5328519344329834,8.464898170231873,17.522929360572043,17.572720311108757,30.0,16.666666666666664,10.0,0.0,6.666666666666667,3.3333333333333335,16.666666666666664,0.0,0.0,0.0,3.3333333333333335,3.3333333333333335,3.3333333333333335,6.666666666666667,0.0,3.3333333333333335,0.0,3.3333333333333335,23.333333333333332,0.0,0.0,10.0,43.333333333333336,2877.385
BAC91563.1,Q7NFA4,-,396,9.595959595959595,1.5151515151515151,5.555555555555555,6.565656565656567,1.2626262626262625,9.090909090909092,3.0303030303030303,5.808080808080808,3.2828282828282833,10.606060606060606,2.525252525252525,2.0202020202020203,5.555555555555555,2.0202020202020203,8.585858585858585,3.0303030303030303,5.808080808080808,10.85858585858586,0.25252525252525254,3.0303030303030303,23.98989898989899,36.868686868686865,43157.492199999986,6.873448371887207,0.045454545454545456,31.689393939393923,Gloeobacter violaceus PCC 7421,1,0,0,1,1,1,0,1,0,2.429487943649292,9.483498476967448,18.774634887331157,19.022495728799196,28.0,7.142857142857142,10.714285714285714,0.0,3.571428571428571,3.571428571428571,17.857142857142858,0.0,3.571428571428571,0.0,7.142857142857142,7.142857142857142,3.571428571428571,7.142857142857142,0.0,3.571428571428571,3.571428571428571,3.571428571428571,14.285714285714285,0.0,3.571428571428571,7.142857142857142,32.142857142857146,2845.406000000001
BAA17717.1,P73672,-,403,7.94044665012407,1.488833746898263,5.955334987593052,7.6923076923076925,1.7369727047146404,8.933002481389577,2.729528535980149,6.451612903225806,4.962779156327544,8.6848635235732,3.722084367245657,1.9851116625310175,4.962779156327544,2.977667493796526,6.20347394540943,4.218362282878412,5.459057071960298,10.421836228287841,0.24813895781637718,3.225806451612903,24.81389578163772,33.49875930521092,44175.473499999986,5.639360237121582,0.05210918114143921,30.60744416873448,Synechocystis sp. PCC 6803,1,0,0,1,1,1,0,1,0,2.535801649093628,9.449187669730085,40.446930483659166,41.0865869552526,28.0,7.142857142857142,10.714285714285714,0.0,3.571428571428571,3.571428571428571,17.857142857142858,0.0,3.571428571428571,0.0,7.142857142857142,7.142857142857142,3.571428571428571,7.142857142857142,0.0,3.571428571428571,3.571428571428571,3.571428571428571,14.285714285714285,0.0,3.571428571428571,7.142857142857142,32.142857142857146,2845.406000000001
AAS82019.1,Q72H18,-,406,11.330049261083744,0.7389162561576355,3.201970443349754,10.344827586206897,2.2167487684729066,8.620689655172415,2.4630541871921183,3.9408866995073892,5.41871921182266,11.083743842364532,2.4630541871921183,1.7241379310344827,6.65024630541872,1.477832512315271,7.8817733990147785,3.9408866995073892,5.172413793103448,8.866995073891626,0.7389162561576355,1.7241379310344827,26.84729064039409,35.221674876847295,44216.591500000024,6.827465629577637,0.046798029556650245,35.67339901477831,Thermus thermophilus HB27,1,0,0,1,1,1,0,1,1,1.332635521888733,11.08851286789649,18.452656584840025,18.58474255587206,29.0,3.4482758620689653,10.344827586206897,0.0,6.896551724137931,3.4482758620689653,20.689655172413794,0.0,3.4482758620689653,0.0,3.4482758620689653,3.4482758620689653,3.4482758620689653,10.344827586206897,0.0,3.4482758620689653,10.344827586206897,6.896551724137931,10.344827586206897,0.0,0.0,10.344827586206897,20.689655172413794,2826.2093000000013
ACX75977.1,C9RL29,-,579,11.398963730569948,1.5544041450777202,6.0449050086355784,7.081174438687392,3.7996545768566494,8.635578583765112,1.2089810017271159,5.699481865284974,6.390328151986183,8.117443868739207,2.072538860103627,2.4179620034542317,5.008635578583765,2.4179620034542317,5.699481865284974,4.66321243523316,5.354058721934369,9.499136442141623,0.3454231433506045,2.5906735751295336,25.215889464594127,34.715025906735754,62498.119500000175,5.857337760925293,0.06735751295336788,32.74386873920551,Fibrobacter succinogenes subsp. succinogenes S85,1,0,0,1,1,1,0,1,1,25.076990127563477,7.41203713159363,19.61791956348436,19.842350095531437,30.0,0.0,10.0,0.0,6.666666666666667,0.0,20.0,0.0,13.333333333333334,0.0,3.3333333333333335,6.666666666666667,3.3333333333333335,6.666666666666667,0.0,3.3333333333333335,6.666666666666667,6.666666666666667,6.666666666666667,0.0,6.666666666666667,10.0,23.333333333333332,3121.649300000001
CAB14437.1,P54482,-,377,12.20159151193634,1.3262599469496021,4.509283819628647,9.814323607427056,1.5915119363395225,7.957559681697612,2.122015915119363,10.610079575596817,9.283819628647215,7.6923076923076925,1.5915119363395225,3.183023872679045,3.4482758620689653,1.0610079575596816,4.774535809018567,4.509283819628647,4.774535809018567,7.6923076923076925,0.0,1.8567639257294428,28.381962864721483,38.196286472148536,40582.57799999999,6.740956687927247,0.034482758620689655,26.828647214854108,Bacillus subtilis subsp. subtilis str. 168,1,0,0,1,1,1,0,1,1,2.057913303375244,9.283286516284504,22.924016505147573,23.629334215558846,29.0,13.793103448275861,10.344827586206897,0.0,6.896551724137931,3.4482758620689653,17.24137931034483,0.0,13.793103448275861,0.0,6.896551724137931,0.0,3.4482758620689653,6.896551724137931,0.0,3.4482758620689653,3.4482758620689653,3.4482758620689653,6.896551724137931,0.0,0.0,10.344827586206897,41.37931034482759,2832.3214000000007
ACL21716.1,B8FR29,-,364,9.340659340659341,1.6483516483516485,3.571428571428571,9.340659340659341,0.8241758241758242,10.43956043956044,2.197802197802198,7.142857142857142,5.4945054945054945,12.087912087912088,1.9230769230769231,2.197802197802198,4.395604395604396,3.021978021978022,6.043956043956044,4.395604395604396,3.571428571428571,9.89010989010989,0.27472527472527475,2.197802197802198,24.45054945054945,38.46153846153847,39129.038300000015,5.984600257873535,0.03296703296703297,37.720879120879104,Desulfitobacterium hafniense DCB-2,1,0,0,1,1,1,0,1,1,2.6022262573242188,8.539807802292849,16.546209476993162,16.876862287611882,29.0,13.793103448275861,10.344827586206897,0.0,3.4482758620689653,3.4482758620689653,17.24137931034483,0.0,6.896551724137931,0.0,3.4482758620689653,3.4482758620689653,3.4482758620689653,6.896551724137931,3.4482758620689653,3.4482758620689653,3.4482758620689653,6.896551724137931,10.344827586206897,0.0,0.0,6.896551724137931,34.48275862068966,2823.2947000000004
BAD40486.1,Q67PA7,-,370,8.91891891891892,2.4324324324324325,4.594594594594595,10.27027027027027,1.6216216216216217,10.0,1.6216216216216217,8.108108108108109,5.675675675675676,6.756756756756757,2.1621621621621623,2.1621621621621623,3.5135135135135136,1.891891891891892,7.837837837837839,3.5135135135135136,4.324324324324325,12.162162162162163,0.2702702702702703,2.1621621621621623,28.37837837837838,35.945945945945944,40240.08680000002,5.863135337829589,0.04054054054054054,37.54648648648647,Symbiobacterium thermophilum IAM 14863,1,0,0,1,1,1,0,1,1,1.8526824712753296,10.515416985993895,16.663541014323737,17.139259651195935,28.0,7.142857142857142,10.714285714285714,0.0,3.571428571428571,3.571428571428571,17.857142857142858,0.0,7.142857142857142,0.0,7.142857142857142,3.571428571428571,3.571428571428571,7.142857142857142,3.571428571428571,3.571428571428571,7.142857142857142,0.0,14.285714285714285,0.0,0.0,7.142857142857142,35.714285714285715,2778.2970000000005
ACL74833.1,B8I6E1,-,353,7.64872521246459,2.26628895184136,5.382436260623229,7.932011331444759,1.13314447592068,9.631728045325778,1.41643059490085,12.181303116147308,8.498583569405099,7.64872521246459,2.5495750708215295,4.815864022662889,3.1161473087818696,1.69971671388102,4.2492917847025495,4.815864022662889,4.53257790368272,9.06515580736544,0.0,1.41643059490085,26.062322946175637,36.54390934844193,37930.82189999997,6.282095527648925,0.025495750708215296,26.09801699716713,Ruminiclostridium cellulolyticum H10,1,0,0,1,1,1,0,1,1,2.2366905212402344,11.216936991525845,17.60702607139199,17.835056642137218,29.0,13.793103448275861,10.344827586206897,0.0,3.4482758620689653,0.0,20.689655172413794,0.0,6.896551724137931,0.0,3.4482758620689653,3.4482758620689653,3.4482758620689653,6.896551724137931,3.4482758620689653,3.4482758620689653,3.4482758620689653,6.896551724137931,10.344827586206897,0.0,0.0,6.896551724137931,34.48275862068966,2733.1722
AVM43904.1,A0A2S0KSC1,-,398,13.316582914572864,1.507537688442211,5.527638190954774,6.030150753768844,2.0100502512562812,9.296482412060302,1.0050251256281406,7.2864321608040195,3.7688442211055273,7.788944723618091,2.0100502512562812,3.015075376884422,4.773869346733668,2.512562814070352,10.552763819095476,5.527638190954774,4.271356783919598,8.542713567839195,0.0,1.256281407035176,25.879396984924625,36.93467336683417,42509.41270000001,9.544560432434082,0.03266331658291457,40.82587939698492,Victivallales bacterium CCUG 44730,1,0,0,1,1,1,0,1,1,2.453399419784546,8.091517228898166,46.708721595284906,46.913362280053676,29.0,13.793103448275861,10.344827586206897,0.0,6.896551724137931,3.4482758620689653,17.24137931034483,0.0,6.896551724137931,0.0,3.4482758620689653,3.4482758620689653,3.4482758620689653,6.896551724137931,0.0,3.4482758620689653,3.4482758620689653,6.896551724137931,10.344827586206897,0.0,0.0,10.344827586206897,34.48275862068966,2824.2795000000006
CCQ91393.1,M1Z076,-,387,7.751937984496124,1.8087855297157622,8.010335917312661,8.2687338501292,2.3255813953488373,7.493540051679587,1.550387596899225,8.785529715762273,7.493540051679587,7.493540051679587,2.0671834625323,3.6175710594315245,4.651162790697675,2.0671834625323,6.2015503875969,5.426356589147287,4.651162790697675,7.235142118863049,0.516795865633075,2.5839793281653747,29.97416020671835,31.266149870801037,42816.404899999994,5.34294490814209,0.05426356589147287,43.1343669250646,Nitrospina gracilis 3/211,1,0,0,1,1,1,0,1,1,15.976851463317871,9.061967228586994,17.117194525127044,17.003879374009603,27.0,7.4074074074074066,14.814814814814813,0.0,7.4074074074074066,3.7037037037037033,11.11111111111111,0.0,3.7037037037037033,0.0,3.7037037037037033,3.7037037037037033,3.7037037037037033,7.4074074074074066,0.0,7.4074074074074066,7.4074074074074066,3.7037037037037033,11.11111111111111,3.7037037037037033,0.0,14.814814814814813,25.925925925925924,2886.3754000000004
EAQ77076.1,A4A2B0,+/-,381,9.711286089238845,2.099737532808399,7.874015748031496,6.561679790026247,1.837270341207349,7.349081364829396,2.099737532808399,7.086614173228346,4.199475065616798,8.398950131233596,1.574803149606299,4.724409448818897,4.724409448818897,3.674540682414698,7.349081364829396,4.4619422572178475,4.724409448818897,8.923884514435695,0.5249343832020997,2.099737532808399,25.984251968503933,34.120734908136484,41709.88390000005,5.324813270568847,0.04461942257217848,28.322047244094485,Blastopirellula marina DSM 3645,1,0,0,1,1,1,0,1,1,17.3603572845459,10.246656783560889,17.67426692576304,18.12886615497173,25.0,4.0,16.0,0.0,8.0,4.0,8.0,0.0,4.0,0.0,4.0,4.0,4.0,4.0,0.0,8.0,12.0,4.0,12.0,4.0,0.0,16.0,24.0,2748.2083000000002
ADV63232.1,E8QZU1,-,390,7.948717948717948,2.307692307692308,4.871794871794872,9.487179487179487,2.051282051282051,9.743589743589745,2.564102564102564,8.974358974358974,5.897435897435897,6.923076923076923,1.5384615384615385,2.051282051282051,4.615384615384616,2.051282051282051,6.923076923076923,5.128205128205128,5.897435897435897,8.205128205128204,0.5128205128205128,2.307692307692308,27.17948717948718,32.05128205128205,42564.28600000003,6.001197242736816,0.04871794871794871,39.43256410256408,Isosphaera pallida ATCC 43644,1,0,0,1,1,1,0,1,1,2.328097343444824,11.25576782393199,17.794859067877837,17.956607831765435,30.0,13.333333333333334,10.0,3.3333333333333335,3.3333333333333335,3.3333333333333335,16.666666666666664,0.0,10.0,0.0,13.333333333333334,0.0,3.3333333333333335,3.3333333333333335,0.0,3.3333333333333335,3.3333333333333335,3.3333333333333335,10.0,0.0,0.0,10.0,46.666666666666664,2933.4681999999993
BAM02738.1,I0IBV0,-,420,10.238095238095237,1.4285714285714286,6.190476190476191,8.333333333333332,2.857142857142857,9.761904761904763,2.619047619047619,6.666666666666667,5.238095238095238,8.80952380952381,1.4285714285714286,1.4285714285714286,5.0,1.6666666666666667,7.6190476190476195,4.0476190476190474,3.3333333333333335,11.428571428571429,0.2380952380952381,1.6666666666666667,27.380952380952383,37.142857142857146,45381.77720000002,5.950042152404785,0.047619047619047616,34.2212142857143,Phycisphaera mikurensis NBRC 102666,1,0,0,1,1,1,0,1,1,2.251538038253784,7.52094574951181,15.715291482414656,15.418422743332423,28.0,14.285714285714285,10.714285714285714,0.0,7.142857142857142,3.571428571428571,14.285714285714285,0.0,10.714285714285714,0.0,3.571428571428571,3.571428571428571,3.571428571428571,7.142857142857142,0.0,3.571428571428571,0.0,3.571428571428571,14.285714285714285,0.0,0.0,10.714285714285714,42.857142857142854,2791.3356000000003
ABK39186.1,A0KJ44,+,371,9.973045822102426,1.3477088948787064,6.46900269541779,7.008086253369273,2.6954177897574128,8.355795148247978,1.3477088948787064,9.973045822102426,4.0431266846361185,7.816711590296496,2.15633423180593,4.0431266846361185,4.31266846361186,3.5040431266846364,7.816711590296496,4.8517520215633425,3.7735849056603774,8.62533692722372,0.0,1.8867924528301887,25.336927223719673,36.38814016172507,40406.95010000004,5.583658027648925,0.045822102425876005,34.5056873315364,Aeromonas hydrophila subsp. hydrophila ATCC 7966,1,0,0,1,1,1,0,1,1,0.5176529288291931,11.463810110731595,17.072615817745316,16.364446590608022,31.0,12.903225806451612,9.67741935483871,0.0,6.451612903225806,3.225806451612903,12.903225806451612,0.0,12.903225806451612,0.0,3.225806451612903,0.0,3.225806451612903,6.451612903225806,3.225806451612903,3.225806451612903,9.67741935483871,0.0,12.903225806451612,0.0,0.0,9.67741935483871,41.935483870967744,3061.5544
ADC62931.1,D3RUS2,-,412,10.436893203883495,1.6990291262135921,4.854368932038835,6.796116504854369,1.6990291262135921,9.70873786407767,1.9417475728155338,5.339805825242718,3.1553398058252426,6.796116504854369,4.12621359223301,2.4271844660194173,4.854368932038835,5.097087378640777,7.038834951456311,5.825242718446602,6.067961165048544,8.980582524271846,0.48543689320388345,2.669902912621359,21.844660194174757,31.55339805825243,44433.19340000004,5.838524055480956,0.04854368932038835,41.17815533980583,Allochromatium vinosum DSM 180,1,0,0,1,1,1,0,1,1,1.3674514293670654,11.103650796457671,17.241548917456917,17.84337194831544,29.0,6.896551724137931,10.344827586206897,0.0,6.896551724137931,3.4482758620689653,20.689655172413794,0.0,3.4482758620689653,0.0,3.4482758620689653,3.4482758620689653,3.4482758620689653,10.344827586206897,0.0,3.4482758620689653,6.896551724137931,6.896551724137931,10.344827586206897,0.0,0.0,10.344827586206897,24.137931034482758,2810.2099000000007
CAL93544.1,A1K3Y9,+,415,12.771084337349398,1.4457831325301205,4.819277108433735,6.024096385542169,2.1686746987951806,9.156626506024097,1.2048192771084338,4.819277108433735,3.3734939759036147,7.951807228915662,3.614457831325301,3.614457831325301,5.0602409638554215,3.8554216867469884,6.506024096385541,5.301204819277109,5.783132530120482,9.879518072289157,0.48192771084337355,2.1686746987951806,20.722891566265062,35.42168674698795,44137.09760000004,5.862737464904785,0.04819277108433735,36.73036144578314,Azoarcus olearius,1,0,0,1,1,1,0,1,1,1.2923500537872314,11.109654738138323,16.080760345333893,15.714984604404433,29.0,6.896551724137931,10.344827586206897,0.0,6.896551724137931,3.4482758620689653,20.689655172413794,0.0,3.4482758620689653,0.0,3.4482758620689653,3.4482758620689653,3.4482758620689653,10.344827586206897,0.0,3.4482758620689653,6.896551724137931,6.896551724137931,10.344827586206897,0.0,0.0,10.344827586206897,24.137931034482758,2810.2099000000007
WP_000892444.1,Q9ZLL0,-,359,9.47075208913649,1.1142061281337048,5.571030640668524,6.963788300835655,3.6211699164345403,7.242339832869081,1.9498607242339834,9.47075208913649,9.749303621169917,9.47075208913649,2.785515320334262,4.178272980501393,3.064066852367688,1.6713091922005572,4.456824512534819,6.685236768802229,3.8997214484679668,6.963788300835655,0.2785515320334262,1.392757660167131,26.740947075208915,35.37604456824512,39259.322400000005,8.933335685729983,0.05292479108635098,28.125905292479107,Helicobacter pylori,1,0,0,1,1,1,0,1,1,1.1669729948043823,7.681971229674192,17.704567796263643,17.854441855882268,31.0,9.67741935483871,9.67741935483871,3.225806451612903,3.225806451612903,3.225806451612903,9.67741935483871,0.0,9.67741935483871,6.451612903225806,9.67741935483871,3.225806451612903,3.225806451612903,3.225806451612903,0.0,6.451612903225806,6.451612903225806,3.225806451612903,9.67741935483871,0.0,0.0,19.35483870967742,38.70967741935484,3265.9337
AAU91397.1,Q604Q5,+,407,8.5995085995086,1.9656019656019657,4.422604422604422,7.616707616707617,2.211302211302211,9.582309582309582,1.9656019656019657,5.651105651105651,3.6855036855036856,8.353808353808354,2.9484029484029484,3.194103194103194,4.914004914004914,4.668304668304668,7.862407862407863,5.896805896805897,4.914004914004914,9.336609336609335,0.4914004914004914,1.71990171990172,23.587223587223587,31.941031941031937,44250.16960000006,6.482964515686036,0.044226044226044224,44.54938574938574,Methylococcus capsulatus str. Bath,1,0,0,1,1,1,0,1,1,1.456937313079834,11.009067312763754,18.363473898198972,17.975483381423086,29.0,3.4482758620689653,10.344827586206897,0.0,6.896551724137931,3.4482758620689653,20.689655172413794,0.0,6.896551724137931,0.0,3.4482758620689653,3.4482758620689653,3.4482758620689653,10.344827586206897,0.0,3.4482758620689653,10.344827586206897,3.4482758620689653,10.344827586206897,0.0,0.0,10.344827586206897,24.137931034482758,2838.263000000001
ABA79143.1,Q3J241,-,377,13.793103448275861,1.5915119363395225,5.305039787798409,6.896551724137931,1.5915119363395225,9.283819628647215,3.183023872679045,7.957559681697612,4.244031830238726,7.427055702917771,2.6525198938992043,2.9177718832891246,3.7135278514588856,1.8567639257294428,5.570291777188329,6.896551724137931,4.509283819628647,8.753315649867375,0.5305039787798408,1.3262599469496021,22.015915119363395,37.93103448275862,39676.93340000005,5.771113014221191,0.034482758620689655,37.21326259946949,Cereibacter sphaeroides 2.4.1,1,0,0,1,1,1,0,1,1,0.6159374713897705,11.51321763846245,16.742066703366824,16.789857221509102,30.0,6.666666666666667,10.0,0.0,3.3333333333333335,6.666666666666667,20.0,0.0,10.0,0.0,0.0,0.0,3.3333333333333335,6.666666666666667,3.3333333333333335,3.3333333333333335,10.0,3.3333333333333335,13.333333333333334,0.0,0.0,6.666666666666667,30.0,2926.3497000000007
EAU54713.1,Q0EZJ1,-,368,10.869565217391305,1.0869565217391304,6.25,7.608695652173914,1.358695652173913,8.695652173913043,2.717391304347826,7.608695652173914,5.706521739130435,7.880434782608696,3.260869565217391,3.260869565217391,3.532608695652174,2.4456521739130435,5.978260869565218,5.978260869565218,3.804347826086957,10.326086956521738,0.0,1.6304347826086956,25.543478260869566,36.684782608695656,39482.91160000003,5.753095054626464,0.029891304347826088,31.0508152173913,Mariprofundus ferrooxydans PV-1,1,0,0,1,1,1,0,1,1,0.6227051019668579,11.114300346771131,18.762101178622814,18.685050663461748,29.0,13.793103448275861,10.344827586206897,0.0,3.4482758620689653,3.4482758620689653,13.793103448275861,0.0,10.344827586206897,3.4482758620689653,0.0,0.0,3.4482758620689653,6.896551724137931,3.4482758620689653,3.4482758620689653,3.4482758620689653,3.4482758620689653,17.24137931034483,0.0,0.0,10.344827586206897,41.37931034482759,2860.3778
ACE82628.1,B3PDM1,-,374,10.962566844919785,1.3368983957219251,6.417112299465241,5.88235294117647,1.8716577540106951,8.02139037433155,1.06951871657754,9.090909090909092,5.614973262032086,9.090909090909092,2.13903743315508,4.81283422459893,4.27807486631016,3.2085561497326207,6.684491978609626,4.545454545454546,4.010695187165775,9.358288770053475,0.267379679144385,1.3368983957219251,24.598930481283425,38.50267379679144,40295.161600000014,6.921022605895996,0.034759358288770054,38.28077540106952,Cellvibrio japonicus Ueda107,1,0,0,1,1,1,0,1,1,0.41828396916389465,11.059226482962991,36.808084389243106,36.34459668726558,29.0,13.793103448275861,10.344827586206897,0.0,3.4482758620689653,3.4482758620689653,17.24137931034483,0.0,6.896551724137931,0.0,3.4482758620689653,0.0,6.896551724137931,6.896551724137931,3.4482758620689653,3.4482758620689653,6.896551724137931,0.0,13.793103448275861,0.0,0.0,6.896551724137931,37.93103448275862,2790.2018000000007
AAC75568.1,P62620,+,372,8.60215053763441,1.3440860215053763,7.526881720430108,6.182795698924731,2.1505376344086025,7.795698924731183,1.3440860215053763,8.60215053763441,5.10752688172043,8.60215053763441,1.881720430107527,4.56989247311828,3.763440860215054,4.56989247311828,7.526881720430108,5.10752688172043,4.032258064516129,9.67741935483871,0.0,1.6129032258064515,26.344086021505376,35.483870967741936,40683.13390000003,5.870865440368651,0.03763440860215053,29.504301075268817,Escherichia coli str. K-12 substr. MG1655,1,1,0,1,1,1,1,1,1,0.0,11.435068325377266,16.806507356886392,17.27839540411493,30.0,6.666666666666667,10.0,0.0,6.666666666666667,3.3333333333333335,16.666666666666664,0.0,10.0,0.0,0.0,0.0,3.3333333333333335,6.666666666666667,3.3333333333333335,3.3333333333333335,6.666666666666667,6.666666666666667,16.666666666666664,0.0,0.0,10.0,33.33333333333333,2964.3962
EOA62006.1,S6G5D3,-,400,8.25,2.0,5.25,6.0,2.25,10.25,1.7500000000000002,6.0,7.000000000000001,8.75,3.0,4.25,3.0,2.5,4.5,7.249999999999999,3.5000000000000004,11.75,0.5,2.25,22.75,34.75,42806.01110000002,7.563246345520021,0.05,28.390750000000004,Anaplasma phagocytophilum str. CRT38,1,0,0,1,1,1,0,1,0,2.1053502559661865,9.809646559943971,15.48576493934321,15.848668879490138,30.5,3.279569892473118,9.838709677419356,0.0,3.279569892473118,6.559139784946236,16.397849462365592,0.0,0.0,0.0,3.279569892473118,6.559139784946236,8.172043010752688,9.838709677419356,0.0,3.279569892473118,9.838709677419356,6.559139784946236,13.118279569892472,0.0,0.0,6.559139784946236,19.67741935483871,3075.5411000000004
WP_014624852.1,G0GEV3,-,366,8.743169398907105,1.366120218579235,3.825136612021858,9.01639344262295,2.73224043715847,9.289617486338798,1.639344262295082,6.284153005464481,3.825136612021858,8.743169398907105,3.0054644808743167,1.912568306010929,5.737704918032787,1.092896174863388,7.923497267759563,5.46448087431694,4.371584699453552,12.295081967213115,0.819672131147541,1.912568306010929,24.59016393442623,36.0655737704918,39776.747400000044,5.982951927185058,0.054644808743169404,35.037158469945346,Spirochaeta thermophila,1,0,0,1,1,1,0,1,1,2.025115489959717,11.49222335450391,43.07762220526523,43.11002113094445,29.5,6.781609195402298,10.172413793103448,0.0,3.390804597701149,3.390804597701149,13.563218390804597,0.0,5.057471264367816,0.0,0.0,3.390804597701149,3.390804597701149,6.781609195402298,0.0,6.781609195402298,10.172413793103448,6.781609195402298,16.95402298850575,0.0,3.390804597701149,10.172413793103448,28.79310344827586,3017.9975000000004
ACZ19163.1,D1BA60,-,357,9.523809523809524,2.5210084033613445,4.761904761904762,7.002801120448179,1.9607843137254901,12.605042016806722,1.680672268907563,4.761904761904762,2.5210084033613445,10.644257703081232,2.801120448179272,2.801120448179272,3.6414565826330536,1.680672268907563,7.8431372549019605,7.282913165266107,2.5210084033613445,11.76470588235294,0.5602240896358543,1.1204481792717087,22.128851540616246,36.69467787114846,37564.88330000002,5.787539482116699,0.03641456582633053,23.45742296918767,Thermanaerovibrio acidaminovorans DSM 6589,0,0,0,1,1,1,1,1,1,2.095665454864502,8.789989609688316,16.141651521624528,16.128233998047737,28.0,10.714285714285714,14.285714285714285,0.0,7.142857142857142,0.0,14.285714285714285,0.0,3.571428571428571,0.0,3.571428571428571,3.571428571428571,3.571428571428571,7.142857142857142,0.0,10.714285714285714,3.571428571428571,3.571428571428571,14.285714285714285,0.0,0.0,17.857142857142858,32.142857142857146,2849.3603000000003
APE74616.1,A0AAX3T143,-,427,5.386416861826698,4.683840749414521,4.215456674473068,6.791569086651054,2.107728337236534,7.259953161592506,1.873536299765808,10.070257611241217,9.836065573770492,8.665105386416862,1.873536299765808,6.0889929742388755,3.9812646370023423,2.810304449648712,3.278688524590164,5.85480093676815,5.152224824355972,6.0889929742388755,0.702576112412178,3.278688524590164,24.121779859484775,30.210772833723652,47370.680699999924,8.614023780822755,0.060889929742388764,43.59629976580795,Spiroplasma citri,1,0,0,1,1,1,0,1,0,1.7141166925430298,9.011183181591496,39.286647834243034,39.39503321972149,29.0,13.793103448275861,10.344827586206897,0.0,6.896551724137931,3.4482758620689653,17.24137931034483,0.0,10.344827586206897,0.0,10.344827586206897,0.0,3.4482758620689653,6.896551724137931,0.0,3.4482758620689653,0.0,3.4482758620689653,6.896551724137931,0.0,3.4482758620689653,10.344827586206897,41.37931034482759,2908.4173
AEH44631.1,F8A8A2,-,358,9.497206703910614,1.3966480446927374,4.4692737430167595,9.217877094972067,3.6312849162011176,9.497206703910614,1.3966480446927374,8.938547486033519,7.262569832402235,9.776536312849162,0.8379888268156425,3.35195530726257,4.189944134078212,1.9553072625698324,6.424581005586592,3.910614525139665,4.189944134078212,8.938547486033519,0.5586592178770949,0.5586592178770949,27.37430167597765,37.150837988826815,38820.599500000004,6.984113883972168,0.047486033519553064,28.996089385474843,Thermodesulfatator indicus DSM 15286,1,0,0,1,1,1,0,1,1,1.480744481086731,8.296917053099007,15.169644833785792,15.132853990472858,29.0,10.344827586206897,13.793103448275861,0.0,6.896551724137931,3.4482758620689653,17.24137931034483,0.0,6.896551724137931,0.0,6.896551724137931,3.4482758620689653,3.4482758620689653,6.896551724137931,0.0,3.4482758620689653,3.4482758620689653,3.4482758620689653,10.344827586206897,0.0,0.0,10.344827586206897,34.48275862068966,2868.3982000000005
AAD35972.1,Q9WZZ3,-,344,8.13953488372093,1.1627906976744187,4.941860465116279,10.755813953488373,1.744186046511628,8.13953488372093,0.872093023255814,10.465116279069768,8.720930232558139,7.267441860465117,1.744186046511628,2.9069767441860463,2.0348837209302326,1.744186046511628,6.686046511627906,5.523255813953488,3.1976744186046515,11.918604651162791,0.29069767441860467,1.744186046511628,31.1046511627907,37.7906976744186,37759.43800000002,6.433003044128417,0.0377906976744186,32.397994186046496,Thermotoga maritima MSB8,1,0,0,1,1,1,0,1,1,1.8066034317016602,8.627706106939577,36.6474502850148,36.03587011274407,29.0,13.793103448275861,10.344827586206897,0.0,6.896551724137931,3.4482758620689653,20.689655172413794,0.0,10.344827586206897,0.0,0.0,3.4482758620689653,3.4482758620689653,3.4482758620689653,0.0,3.4482758620689653,0.0,3.4482758620689653,17.24137931034483,0.0,0.0,10.344827586206897,41.37931034482759,2794.296400000001
ADE56011.1,D5EHX1,-,681,10.279001468428781,2.4963289280469896,6.31424375917768,7.342143906020558,2.3494860499265786,6.7547723935389135,2.2026431718061676,6.607929515418502,4.992657856093979,10.13215859030837,2.0558002936857562,3.671071953010279,4.552129221732746,3.524229074889868,6.4610866372980915,5.580029368575625,5.4331864904552125,6.020558002936858,0.5873715124816447,2.643171806167401,25.11013215859031,33.03964757709251,74888.67220000044,5.601903343200683,0.055800293685756244,35.12995594713665,Coraliomargarita akajimensis DSM 45221,1,0,0,1,1,1,0,1,1,23.31644630432129,9.01320617042765,41.42252636903219,41.55966861747259,43.5,6.897463002114165,6.897463002114165,2.299154334038055,4.59830866807611,2.299154334038055,11.495771670190274,2.299154334038055,4.59830866807611,0.0,5.734672304439746,6.897463002114165,6.897463002114165,4.59830866807611,0.0,9.19661733615222,6.897463002114165,9.19661733615222,6.897463002114165,0.0,2.299154334038055,16.094080338266384,24.127906976744185,4673.854600000001
WP_015771297.1,C7R3D3,-,383,12.532637075718014,1.3054830287206265,4.960835509138381,6.266318537859007,2.088772845953003,8.616187989556137,1.3054830287206265,6.7885117493472595,6.005221932114883,6.7885117493472595,2.088772845953003,2.3498694516971277,6.7885117493472595,3.1331592689295036,4.43864229765013,6.266318537859007,5.221932114882506,11.22715404699739,0.5221932114882507,1.3054830287206265,21.671018276762403,37.33681462140992,40165.84940000001,6.043542289733887,0.0391644908616188,31.14412532637076,Jonesia denitrificans,1,0,0,1,1,1,0,1,1,2.070070505142212,9.776488170910067,58.81310760452395,59.11324921362778,30.0,13.333333333333334,10.0,0.0,3.3333333333333335,0.0,16.666666666666664,0.0,0.0,0.0,0.0,3.3333333333333335,3.3333333333333335,6.666666666666667,3.3333333333333335,3.3333333333333335,10.0,0.0,23.333333333333332,0.0,3.3333333333333335,6.666666666666667,36.666666666666664,2868.2920999999997
WP_010883016.1,Q9Z8H0,-,613,7.177814029363784,1.957585644371941,5.5464926590538335,7.3409461663947795,4.078303425774878,6.688417618270799,4.078303425774878,6.851549755301795,6.688417618270799,10.114192495921696,2.4469820554649266,2.936378466557912,5.057096247960848,2.7732463295269167,4.078303425774878,4.404567699836868,7.177814029363784,7.3409461663947795,0.6525285481239804,2.6101141924959217,23.65415986949429,31.484502446982056,68308.00620000024,6.039734077453613,0.0734094616639478,32.6247960848287,Chlamydia pneumoniae,1,0,0,1,1,1,0,1,1,23.150493621826172,7.706407529619394,19.0404276041163,19.092577241715816,28.0,3.571428571428571,10.714285714285714,0.0,3.571428571428571,7.142857142857142,17.857142857142858,0.0,10.714285714285714,0.0,7.142857142857142,10.714285714285714,3.571428571428571,7.142857142857142,0.0,3.571428571428571,3.571428571428571,3.571428571428571,7.142857142857142,0.0,0.0,7.142857142857142,28.57142857142857,2917.5779
ACC83392.1,B2J1G1,+/-,408,6.372549019607843,1.4705882352941175,5.392156862745098,8.57843137254902,1.715686274509804,8.333333333333332,2.450980392156863,8.57843137254902,6.127450980392156,8.333333333333332,3.1862745098039214,2.941176470588235,4.411764705882353,1.9607843137254901,6.127450980392156,4.901960784313726,6.127450980392156,9.313725490196079,0.24509803921568626,3.431372549019608,26.225490196078432,32.59803921568628,45148.63169999998,5.887917137145995,0.05392156862745097,34.793627450980374,Nostoc punctiforme PCC 73102,1,0,0,1,1,1,0,1,0,2.4382975101470947,9.900296218221978,38.10125496475479,38.16643679126365,28.0,7.142857142857142,10.714285714285714,0.0,3.571428571428571,3.571428571428571,17.857142857142858,0.0,3.571428571428571,0.0,7.142857142857142,7.142857142857142,3.571428571428571,7.142857142857142,0.0,3.571428571428571,3.571428571428571,3.571428571428571,14.285714285714285,0.0,3.571428571428571,7.142857142857142,32.142857142857146,2845.406000000001
ACB51662.1,B1WQF1,-,404,6.9306930693069315,1.4851485148514851,4.702970297029703,9.158415841584159,1.9801980198019802,8.663366336633663,2.4752475247524752,7.673267326732673,5.693069306930694,8.91089108910891,3.4653465346534658,1.9801980198019802,4.9504950495049505,2.722772277227723,5.9405940594059405,4.455445544554455,6.188118811881188,8.91089108910891,0.24752475247524752,3.4653465346534658,25.495049504950494,32.42574257425743,44650.119899999976,5.690401649475096,0.05693069306930694,35.27997524752474,Crocosphaera subtropica ATCC 51142,1,0,0,1,1,1,0,1,0,2.593078136444092,9.17174345003352,37.5197432514293,37.453128033805996,28.0,7.142857142857142,10.714285714285714,0.0,3.571428571428571,3.571428571428571,17.857142857142858,0.0,3.571428571428571,0.0,7.142857142857142,7.142857142857142,3.571428571428571,7.142857142857142,0.0,3.571428571428571,3.571428571428571,3.571428571428571,14.285714285714285,0.0,3.571428571428571,7.142857142857142,32.142857142857146,2845.406000000001
EAM48116.1,Q4BW34,-,412,7.038834951456311,1.4563106796116505,4.611650485436893,8.737864077669903,1.9417475728155338,8.980582524271846,2.912621359223301,7.766990291262135,5.339805825242718,8.980582524271846,3.1553398058252426,2.4271844660194173,4.611650485436893,2.912621359223301,6.067961165048544,4.368932038834951,5.825242718446602,9.223300970873787,0.24271844660194172,3.3980582524271843,24.75728155339806,33.00970873786408,45459.9749,5.897352409362793,0.055825242718446605,35.8077912621359,Crocosphaera watsonii WH 8501,1,0,0,1,1,1,0,1,0,2.5821480751037598,9.321704547233312,41.27514181463426,41.554390366498794,28.0,7.142857142857142,10.714285714285714,0.0,3.571428571428571,3.571428571428571,17.857142857142858,0.0,3.571428571428571,0.0,7.142857142857142,7.142857142857142,3.571428571428571,7.142857142857142,0.0,3.571428571428571,3.571428571428571,3.571428571428571,14.285714285714285,0.0,3.571428571428571,7.142857142857142,32.142857142857146,2845.406000000001
BAC08548.1,Q8DK70,-,402,8.208955223880597,1.4925373134328357,3.9800995024875623,9.203980099502488,1.4925373134328357,8.706467661691542,2.2388059701492535,7.213930348258707,4.975124378109453,8.706467661691542,3.482587064676617,2.9850746268656714,5.721393034825871,1.7412935323383085,6.7164179104477615,3.9800995024875623,5.472636815920398,9.701492537313433,0.24875621890547264,3.731343283582089,24.875621890547265,33.83084577114428,44191.666799999985,5.938333320617676,0.05472636815920399,36.24480099502487,Thermosynechococcus vestitus BP-1,1,0,1,1,1,1,0,1,0,2.6153719425201416,9.563118713572806,38.83181243127612,38.992550594526435,28.0,7.142857142857142,10.714285714285714,0.0,3.571428571428571,3.571428571428571,17.857142857142858,0.0,3.571428571428571,0.0,7.142857142857142,7.142857142857142,3.571428571428571,7.142857142857142,0.0,3.571428571428571,3.571428571428571,3.571428571428571,14.285714285714285,0.0,3.571428571428571,7.142857142857142,32.142857142857146,2845.406000000001
WP_011529847.1,Q1J0H8,-,424,9.669811320754718,0.9433962264150944,4.245283018867925,6.367924528301887,1.4150943396226416,8.49056603773585,2.5943396226415096,4.481132075471698,3.5377358490566038,9.433962264150944,3.0660377358490565,3.0660377358490565,6.839622641509433,4.716981132075472,6.367924528301887,5.188679245283019,6.60377358490566,8.962264150943396,1.179245283018868,2.8301886792452833,20.5188679245283,32.54716981132076,46134.273000000016,6.434139823913574,0.05424528301886792,34.32311320754717,Deinococcus geothermalis,1,0,0,1,1,1,0,1,1,1.8230489492416382,11.113992903705704,16.883008592727318,16.481630901031483,29.0,3.4482758620689653,10.344827586206897,0.0,6.896551724137931,3.4482758620689653,20.689655172413794,0.0,6.896551724137931,0.0,3.4482758620689653,3.4482758620689653,3.4482758620689653,10.344827586206897,0.0,3.4482758620689653,10.344827586206897,6.896551724137931,6.896551724137931,0.0,0.0,10.344827586206897,20.689655172413794,2840.2359000000015
ABO67748.1,A4IQZ4,-,374,11.497326203208557,1.3368983957219251,4.27807486631016,10.16042780748663,1.8716577540106951,8.288770053475936,2.13903743315508,11.76470588235294,8.02139037433155,7.219251336898395,1.06951871657754,2.941176470588235,3.4759358288770055,1.3368983957219251,6.149732620320856,4.27807486631016,4.27807486631016,7.754010695187167,0.0,2.13903743315508,28.609625668449194,38.23529411764706,40579.50090000001,6.745162773132326,0.040106951871657755,35.59839572192514,Geobacillus thermodenitrificans NG80-2,1,0,0,1,1,1,0,1,1,2.033442735671997,10.014580235467692,17.283401604668295,17.024994882347123,29.0,13.793103448275861,10.344827586206897,0.0,6.896551724137931,3.4482758620689653,17.24137931034483,0.0,13.793103448275861,0.0,6.896551724137931,0.0,3.4482758620689653,6.896551724137931,0.0,3.4482758620689653,3.4482758620689653,3.4482758620689653,6.896551724137931,0.0,0.0,10.344827586206897,41.37931034482759,2832.3214000000007
ABC19357.1,Q2RJN2,-,359,14.484679665738161,1.392757660167131,4.178272980501393,7.520891364902507,1.392757660167131,10.86350974930362,1.392757660167131,7.242339832869081,4.456824512534819,10.86350974930362,1.6713091922005572,1.392757660167131,4.456824512534819,3.6211699164345403,9.192200557103064,2.5069637883008355,3.064066852367688,9.47075208913649,0.0,0.8356545961002786,25.348189415041784,42.061281337047355,37981.888700000025,9.235821342468263,0.022284122562674098,36.57325905292477,Moorella thermoacetica ATCC 39073,1,0,0,1,1,1,0,1,1,1.0414042472839355,11.141332315400517,15.508248261134057,14.856536471409724,29.0,13.793103448275861,13.793103448275861,0.0,3.4482758620689653,0.0,20.689655172413794,0.0,10.344827586206897,0.0,6.896551724137931,3.4482758620689653,3.4482758620689653,6.896551724137931,3.4482758620689653,3.4482758620689653,3.4482758620689653,3.4482758620689653,3.4482758620689653,0.0,0.0,6.896551724137931,34.48275862068966,2763.2644
ABZ84822.1,B0THN9,-,356,12.640449438202248,1.9662921348314606,3.651685393258427,7.02247191011236,0.5617977528089888,10.674157303370785,1.1235955056179776,7.584269662921349,4.213483146067416,10.112359550561797,1.9662921348314606,2.247191011235955,5.8988764044943816,3.089887640449438,6.741573033707865,4.49438202247191,3.932584269662921,10.112359550561797,0.5617977528089888,1.4044943820224718,21.629213483146067,40.44943820224719,37319.05800000002,7.576887702941895,0.025280898876404497,36.13426966292134,Heliomicrobium modesticaldum Ice1,1,0,0,1,1,1,0,1,1,2.1062815189361572,8.374602422021724,16.18091936530469,16.20917088226354,28.5,10.529556650246306,14.039408866995073,0.0,3.5098522167487682,1.7241379310344827,17.549261083743843,0.0,7.0197044334975365,0.0,3.5098522167487682,3.5098522167487682,3.5098522167487682,7.0197044334975365,3.5098522167487682,3.5098522167487682,3.5098522167487682,3.5098522167487682,14.039408866995073,0.0,0.0,7.0197044334975365,35.09852216748769,2779.7999000000004
WP_006317886.1,B7GH89,+,364,12.362637362637363,1.3736263736263736,4.945054945054945,9.065934065934066,1.6483516483516485,8.241758241758241,2.197802197802198,10.989010989010989,7.6923076923076925,7.417582417582418,1.098901098901099,3.296703296703297,3.296703296703297,1.6483516483516485,6.318681318681318,4.1208791208791204,4.1208791208791204,8.241758241758241,0.0,1.9230769230769231,28.021978021978022,39.010989010989015,39285.95459999999,7.095688819885253,0.03571428571428571,34.474450549450545,Anoxybacillus flavithermus,1,0,0,1,1,1,0,1,1,1.6323412656784058,9.62381803920035,17.58539794757132,17.5653274880756,29.0,13.793103448275861,10.344827586206897,0.0,6.896551724137931,3.4482758620689653,17.24137931034483,0.0,13.793103448275861,0.0,6.896551724137931,0.0,3.4482758620689653,6.896551724137931,0.0,3.4482758620689653,3.4482758620689653,3.4482758620689653,6.896551724137931,0.0,0.0,10.344827586206897,41.37931034482759,2832.3214000000007
WP_010049453.1,A0A2Z3H0P4,-,401,10.972568578553615,1.7456359102244388,5.7356608478802995,6.982543640897755,2.2443890274314215,7.98004987531172,1.99501246882793,8.478802992518704,4.987531172069826,7.4812967581047385,2.2443890274314215,2.7431421446384037,6.483790523690773,2.2443890274314215,7.98004987531172,4.239401496259352,4.987531172069826,8.229426433915211,0.4987531172069825,1.7456359102244388,25.6857855361596,35.16209476309227,43582.838300000025,7.622529411315918,0.044887780548628436,40.752369077306724,Gemmata obscuriglobus,1,0,0,1,1,1,0,1,1,2.1859288215637207,9.412796674859107,16.84271582471437,16.812482434391697,30.0,16.666666666666664,10.0,0.0,3.3333333333333335,0.0,16.666666666666664,0.0,16.666666666666664,0.0,10.0,0.0,3.3333333333333335,6.666666666666667,0.0,3.3333333333333335,3.3333333333333335,3.3333333333333335,6.666666666666667,0.0,0.0,6.666666666666667,50.0,2853.4267
WP_012911045.1,D2R1R3,-,380,8.68421052631579,2.1052631578947367,7.631578947368421,5.7894736842105265,1.5789473684210527,6.578947368421052,2.8947368421052633,6.578947368421052,5.263157894736842,8.157894736842106,2.1052631578947367,4.2105263157894735,4.736842105263158,4.2105263157894735,6.578947368421052,6.052631578947368,5.263157894736842,8.421052631578947,0.5263157894736842,2.631578947368421,25.263157894736842,31.842105263157894,41864.09360000006,6.023307609558105,0.04736842105263158,30.7278947368421,Pirellula staleyi,1,0,0,1,1,1,0,1,1,25.1329345703125,10.335668692278828,36.866333814802005,36.93615390100277,36.0,2.7777777777777777,11.11111111111111,0.0,8.333333333333332,2.7777777777777777,8.333333333333332,0.0,8.333333333333332,0.0,2.7777777777777777,2.7777777777777777,2.7777777777777777,5.555555555555555,0.0,13.88888888888889,11.11111111111111,2.7777777777777777,13.88888888888889,2.7777777777777777,0.0,22.22222222222222,27.77777777777778,4011.7003999999997
WP_005223505.1,W0E1A0,-,410,11.219512195121952,2.195121951219512,5.365853658536586,6.829268292682928,1.4634146341463417,9.024390243902438,2.195121951219512,4.878048780487805,2.682926829268293,7.317073170731707,4.146341463414634,3.414634146341464,4.634146341463414,4.390243902439024,8.292682926829269,5.121951219512195,5.121951219512195,8.780487804878048,0.4878048780487805,2.4390243902439024,23.170731707317074,32.19512195121951,44473.239100000064,6.040870857238769,0.04390243902439024,40.44170731707318,Marichromatium purpuratum,1,0,0,1,1,1,0,1,1,1.621873140335083,10.941099480265402,15.862834338442337,15.997342166031403,29.0,6.896551724137931,10.344827586206897,0.0,6.896551724137931,3.4482758620689653,20.689655172413794,0.0,3.4482758620689653,0.0,3.4482758620689653,3.4482758620689653,3.4482758620689653,10.344827586206897,0.0,3.4482758620689653,6.896551724137931,6.896551724137931,10.344827586206897,0.0,0.0,10.344827586206897,24.137931034482758,2810.2099000000007
WP_011281768.1,Q4FNA0,-,366,6.284153005464481,1.912568306010929,6.830601092896176,6.284153005464481,2.185792349726776,7.650273224043716,2.185792349726776,12.021857923497267,9.01639344262295,8.743169398907105,1.366120218579235,4.918032786885246,3.278688524590164,2.459016393442623,3.825136612021858,8.743169398907105,4.098360655737705,6.830601092896176,0.0,1.366120218579235,25.956284153005466,33.87978142076503,39735.363900000004,6.722256660461426,0.035519125683060114,33.309562841530045,Candidatus Pelagibacter communis,1,0,0,1,1,1,0,1,1,0.8724727630615234,11.453430817629446,17.669385165314775,17.65268913067076,30.0,10.0,10.0,0.0,3.3333333333333335,3.3333333333333335,16.666666666666664,0.0,13.333333333333334,0.0,0.0,0.0,3.3333333333333335,6.666666666666667,3.3333333333333335,3.3333333333333335,10.0,3.3333333333333335,13.333333333333334,0.0,0.0,6.666666666666667,36.666666666666664,2906.360100000001
WP_011455057.1,Q28R10,-,377,11.936339522546419,1.8567639257294428,5.835543766578249,6.896551724137931,2.3872679045092835,9.283819628647215,3.4482758620689653,8.222811671087534,5.039787798408488,5.305039787798409,3.978779840848806,3.4482758620689653,3.978779840848806,3.4482758620689653,5.039787798408488,5.835543766578249,4.244031830238726,8.222811671087534,0.5305039787798408,1.0610079575596816,22.811671087533156,33.687002652519894,40310.63610000004,5.7396242141723635,0.03978779840848807,44.287533156498675,Jannaschia sp. CCS1,1,0,0,1,1,1,0,1,1,0.8130598068237305,11.56347459346802,16.970904639065793,16.81598983307636,30.0,6.666666666666667,10.0,0.0,3.3333333333333335,6.666666666666667,20.0,0.0,10.0,0.0,0.0,0.0,3.3333333333333335,6.666666666666667,3.3333333333333335,3.3333333333333335,10.0,3.3333333333333335,13.333333333333334,0.0,0.0,6.666666666666667,30.0,2926.3497000000007
WP_011444079.1,Q2GBA8,-,374,13.101604278074866,2.406417112299465,5.614973262032086,7.4866310160427805,1.6042780748663104,9.090909090909092,2.941176470588235,6.417112299465241,3.7433155080213902,8.288770053475936,1.8716577540106951,2.13903743315508,3.7433155080213902,2.13903743315508,6.684491978609626,5.88235294117647,5.080213903743315,9.893048128342247,0.53475935828877,1.3368983957219251,23.52941176470588,37.70053475935829,39623.83460000006,5.614748954772949,0.034759358288770054,40.1350267379679,Novosphingobium aromaticivorans,1,0,0,1,1,1,0,1,1,0.7389505505561829,11.44690809540445,31.120002383159832,31.019429384099553,29.0,6.896551724137931,10.344827586206897,0.0,3.4482758620689653,3.4482758620689653,17.24137931034483,0.0,0.0,0.0,6.896551724137931,0.0,3.4482758620689653,6.896551724137931,3.4482758620689653,3.4482758620689653,10.344827586206897,3.4482758620689653,20.689655172413794,0.0,0.0,6.896551724137931,34.48275862068966,2807.2290000000003
WP_034962069.1,A0A074M239,-,380,11.578947368421053,2.8947368421052633,5.263157894736842,8.68421052631579,1.8421052631578945,9.473684210526317,3.1578947368421053,7.105263157894736,5.263157894736842,7.631578947368421,2.1052631578947367,2.1052631578947367,3.9473684210526314,1.3157894736842104,5.7894736842105265,5.7894736842105265,5.0,9.210526315789473,0.5263157894736842,1.3157894736842104,25.0,35.526315789473685,40462.92510000005,5.623445320129394,0.0368421052631579,42.85078947368419,Erythrobacter longus,1,0,0,1,1,1,0,1,1,0.8491165041923523,11.354868640326519,17.004080375784966,17.694363328862604,30.0,3.3333333333333335,10.0,0.0,3.3333333333333335,3.3333333333333335,20.0,0.0,0.0,0.0,6.666666666666667,0.0,3.3333333333333335,6.666666666666667,3.3333333333333335,3.3333333333333335,13.333333333333334,3.3333333333333335,20.0,0.0,0.0,6.666666666666667,30.0,2880.2797
WP_068350622.1,A0A192D497,-,382,11.518324607329843,2.356020942408377,5.49738219895288,8.115183246073299,1.5706806282722512,9.424083769633508,3.4031413612565444,7.591623036649215,4.712041884816754,7.853403141361256,2.094240837696335,2.356020942408377,4.18848167539267,1.832460732984293,6.282722513089005,5.49738219895288,5.49738219895288,8.115183246073299,0.5235602094240838,1.5706806282722512,24.60732984293194,35.07853403141361,40848.21970000006,5.759063148498535,0.03664921465968587,42.83769633507851,Erythrobacter neustonensis,1,0,0,1,1,1,0,1,1,0.8244606256484985,11.318240085970801,18.10820769417871,17.984275422774324,30.0,3.3333333333333335,10.0,0.0,3.3333333333333335,3.3333333333333335,20.0,0.0,0.0,0.0,6.666666666666667,0.0,3.3333333333333335,6.666666666666667,3.3333333333333335,3.3333333333333335,13.333333333333334,3.3333333333333335,20.0,0.0,0.0,6.666666666666667,30.0,2880.2797
WP_011870774.1,A4G4K2,-,425,10.823529411764705,1.8823529411764703,5.411764705882352,5.88235294117647,1.8823529411764703,9.411764705882353,1.411764705882353,6.8235294117647065,4.0,6.588235294117648,3.294117647058824,3.7647058823529407,4.941176470588235,3.5294117647058822,6.11764705882353,5.411764705882352,6.11764705882353,9.411764705882353,0.7058823529411765,2.588235294117647,21.41176470588235,33.64705882352941,45533.61780000002,5.803454399108887,0.05176470588235294,35.38588235294118,Herminiimonas arsenicoxydans,1,0,0,1,1,1,0,1,1,1.311110019683838,11.078881964312368,18.092078273968053,17.936246206118778,29.0,6.896551724137931,10.344827586206897,0.0,6.896551724137931,3.4482758620689653,20.689655172413794,0.0,10.344827586206897,0.0,3.4482758620689653,3.4482758620689653,3.4482758620689653,10.344827586206897,0.0,3.4482758620689653,6.896551724137931,3.4482758620689653,6.896551724137931,0.0,0.0,10.344827586206897,27.586206896551722,2836.2902000000013
WP_002810560.1,Q3JAC5,-,381,8.923884514435695,2.099737532808399,7.349081364829396,6.824146981627297,1.837270341207349,7.086614173228346,2.099737532808399,7.874015748031496,4.986876640419948,8.398950131233596,1.574803149606299,3.674540682414698,4.986876640419948,3.4120734908136483,6.824146981627297,5.511811023622047,5.511811023622047,8.136482939632545,0.5249343832020997,2.3622047244094486,25.984251968503933,33.33333333333333,41780.133100000035,5.507323265075683,0.047244094488188976,32.558267716535426,Nitrosococcus oceani,1,0,0,1,1,1,0,1,1,10.278060913085938,9.05595807013296,18.590522594784133,18.82645572148061,27.0,3.7037037037037033,14.814814814814813,0.0,7.4074074074074066,3.7037037037037033,11.11111111111111,0.0,3.7037037037037033,0.0,3.7037037037037033,3.7037037037037033,3.7037037037037033,7.4074074074074066,0.0,7.4074074074074066,11.11111111111111,3.7037037037037033,11.11111111111111,3.7037037037037033,0.0,14.814814814814813,22.22222222222222,2902.3748000000005
WP_011137085.1,Q7NS88,+,427,10.53864168618267,1.639344262295082,6.0889929742388755,5.620608899297424,2.107728337236534,8.899297423887589,1.1709601873536302,5.152224824355972,4.215456674473068,8.899297423887589,3.0444964871194378,3.51288056206089,5.620608899297424,3.747072599531616,6.791569086651054,5.152224824355972,5.152224824355972,10.070257611241217,0.468384074941452,2.107728337236534,22.716627634660423,34.66042154566745,45875.19930000003,6.057183647155762,0.0468384074941452,33.45761124121778,Chromobacterium violaceum,1,0,0,1,1,1,0,1,1,1.436788558959961,11.119333158411102,17.894016018398958,18.150925293944834,29.0,6.896551724137931,10.344827586206897,0.0,6.896551724137931,3.4482758620689653,20.689655172413794,0.0,3.4482758620689653,0.0,3.4482758620689653,3.4482758620689653,3.4482758620689653,10.344827586206897,0.0,3.4482758620689653,6.896551724137931,6.896551724137931,10.344827586206897,0.0,0.0,10.344827586206897,24.137931034482758,2810.2099000000007
WP_011044983.1,Q47WC0,-,376,7.446808510638298,1.3297872340425532,7.180851063829788,6.648936170212766,2.393617021276596,7.180851063829788,0.7978723404255319,9.574468085106384,5.851063829787234,8.77659574468085,2.393617021276596,4.787234042553192,3.723404255319149,3.1914893617021276,6.648936170212766,7.180851063829788,4.25531914893617,9.042553191489363,0.0,1.5957446808510638,26.329787234042552,34.840425531914896,41117.81220000005,5.5377321243286115,0.0398936170212766,38.06249999999999,Colwellia,1,0,0,1,1,1,0,1,1,0.26757290959358215,11.48814363257668,17.906745335063352,18.242723590096006,30.0,6.666666666666667,10.0,0.0,6.666666666666667,3.3333333333333335,13.333333333333334,0.0,13.333333333333334,0.0,3.3333333333333335,0.0,3.3333333333333335,6.666666666666667,3.3333333333333335,3.3333333333333335,13.333333333333334,3.3333333333333335,10.0,0.0,0.0,10.0,33.33333333333333,3008.4488
WP_011479842.1,Q1H0U9,-,428,10.046728971962617,1.6355140186915886,5.14018691588785,5.607476635514018,1.6355140186915886,8.878504672897195,1.4018691588785046,5.841121495327103,4.439252336448598,7.943925233644859,3.2710280373831773,3.2710280373831773,4.906542056074766,4.672897196261682,6.308411214953271,6.308411214953271,5.841121495327103,9.579439252336448,0.7009345794392523,2.570093457943925,21.49532710280374,33.41121495327103,46109.38600000001,7.0075883865356445,0.04906542056074767,37.01144859813084,Methylobacillus flagellatus,1,0,0,1,1,1,0,1,1,1.4119899272918701,11.049525071758968,17.90618388833076,18.02238604828792,29.0,6.896551724137931,10.344827586206897,0.0,6.896551724137931,3.4482758620689653,20.689655172413794,0.0,3.4482758620689653,0.0,3.4482758620689653,3.4482758620689653,3.4482758620689653,10.344827586206897,0.0,3.4482758620689653,6.896551724137931,6.896551724137931,10.344827586206897,0.0,0.0,10.344827586206897,24.137931034482758,2810.2099000000007
WP_013026734.1,D4GK57,+,378,9.25925925925926,1.3227513227513228,7.142857142857142,6.084656084656085,2.380952380952381,7.4074074074074066,1.3227513227513228,8.73015873015873,4.761904761904762,8.201058201058201,2.1164021164021163,4.761904761904762,3.7037037037037033,4.497354497354497,8.201058201058201,4.497354497354497,4.232804232804233,9.523809523809524,0.26455026455026454,1.5873015873015872,26.190476190476193,35.714285714285715,41570.24530000004,6.56310749053955,0.042328042328042326,32.13626984126984,Pantoea ananatis,1,0,0,1,1,1,0,1,1,0.18296895921230316,11.413064416131704,18.078071536307608,17.919620417840044,29.0,6.896551724137931,10.344827586206897,0.0,6.896551724137931,3.4482758620689653,13.793103448275861,0.0,10.344827586206897,0.0,0.0,0.0,3.4482758620689653,6.896551724137931,3.4482758620689653,3.4482758620689653,10.344827586206897,6.896551724137931,13.793103448275861,0.0,0.0,10.344827586206897,31.03448275862069,2895.2912000000006
EWC76322.1,W7JBQ5,-,823,3.0376670716889427,1.701093560145808,5.103280680437424,7.897934386391252,4.0097205346294045,5.224787363304982,1.8226002430133657,9.842041312272174,11.421628189550425,9.720534629404618,2.3086269744835968,10.814094775212636,2.0656136087484813,2.0656136087484813,3.6452004860267313,4.738760631834751,4.25273390036452,5.710814094775213,0.3645200486026731,4.25273390036452,28.068043742405834,28.311057108140947,95124.72590000049,8.911158561706543,0.08626974483596597,42.80442284325649,Plasmodium falciparum UGT5.1,1,0,0,1,1,1,0,1,0,27.301410675048828,9.175809672789903,19.624073856532025,19.73890467232028,45.0,6.666666666666667,6.666666666666667,2.2222222222222223,4.444444444444445,2.2222222222222223,11.11111111111111,2.2222222222222223,8.88888888888889,0.0,4.444444444444445,6.666666666666667,6.666666666666667,2.2222222222222223,2.2222222222222223,8.88888888888889,6.666666666666667,8.88888888888889,6.666666666666667,0.0,2.2222222222222223,15.555555555555555,26.666666666666668,4874.605
WP_002678768.1,Q73N90,-,387,7.493540051679587,1.8087855297157622,6.2015503875969,8.010335917312661,3.10077519379845,8.010335917312661,1.2919896640826873,8.785529715762273,10.077519379844961,10.594315245478036,2.0671834625323,3.359173126614987,2.5839793281653747,2.5839793281653747,5.167958656330749,6.459948320413436,5.426356589147287,5.943152454780361,0.516795865633075,0.516795865633075,29.457364341085274,32.81653746770026,42459.77180000002,8.517514610290526,0.041343669250646,37.88116279069765,Treponema,1,0,0,1,1,1,0,1,1,3.191009521484375,8.399105134785657,30.960026910607553,30.899458189640164,29.0,3.4482758620689653,10.344827586206897,0.0,3.4482758620689653,6.896551724137931,24.137931034482758,0.0,6.896551724137931,3.4482758620689653,0.0,3.4482758620689653,3.4482758620689653,6.896551724137931,0.0,6.896551724137931,3.4482758620689653,3.4482758620689653,13.793103448275861,0.0,0.0,13.793103448275861,24.137931034482758,2912.435700000001
WP_012464304.1,B3DYH4,-,606,8.415841584158416,1.8151815181518154,7.2607260726072615,5.445544554455446,3.7953795379537953,7.590759075907591,1.65016501650165,6.6006600660066,6.105610561056106,9.405940594059405,1.9801980198019802,3.1353135313531353,5.9405940594059405,1.9801980198019802,7.425742574257425,6.105610561056106,4.785478547854786,6.9306930693069315,0.6600660066006601,2.9702970297029703,26.237623762376238,31.353135313531354,67005.26810000025,8.466713523864748,0.07425742574257425,34.78036303630364,Methylacidiphilum infernorum,1,0,0,1,1,1,0,1,1,20.437044143676758,8.551551692211156,23.393563138672537,23.135776734261718,42.0,7.142857142857142,7.142857142857142,2.380952380952381,4.761904761904762,2.380952380952381,11.904761904761903,2.380952380952381,2.380952380952381,0.0,7.142857142857142,7.142857142857142,4.761904761904762,4.761904761904762,0.0,9.523809523809524,4.761904761904762,9.523809523809524,9.523809523809524,0.0,2.380952380952381,16.666666666666664,26.190476190476193,4515.226900000001
WP_141919126.1,Q5NR50,+,377,13.262599469496022,2.3872679045092835,6.10079575596817,6.896551724137931,1.5915119363395225,8.488063660477453,2.9177718832891246,6.631299734748011,6.36604774535809,8.488063660477453,1.3262599469496021,2.3872679045092835,3.4482758620689653,1.8567639257294428,5.570291777188329,5.570291777188329,4.774535809018567,10.344827586206897,0.5305039787798408,1.0610079575596816,24.93368700265252,38.726790450928384,39909.42590000006,6.284482765197754,0.03183023872679046,35.203448275862065,Zymomonas mobilis,1,0,0,1,1,1,0,1,1,0.809833824634552,11.48690067760225,16.893077769756683,16.86704685501532,29.0,6.896551724137931,10.344827586206897,0.0,3.4482758620689653,3.4482758620689653,17.24137931034483,0.0,3.4482758620689653,0.0,3.4482758620689653,0.0,3.4482758620689653,6.896551724137931,3.4482758620689653,3.4482758620689653,10.344827586206897,3.4482758620689653,20.689655172413794,0.0,0.0,6.896551724137931,34.48275862068966,2807.2290000000003
WP_131153948.1,A0A411YCI6,-,395,13.164556962025317,1.0126582278481013,6.582278481012659,7.59493670886076,1.0126582278481013,9.367088607594937,2.5316455696202533,5.822784810126582,3.5443037974683547,7.59493670886076,2.0253164556962027,1.7721518987341773,6.582278481012659,3.2911392405063293,5.822784810126582,4.30379746835443,4.050632911392405,12.151898734177214,0.5063291139240507,1.2658227848101267,23.544303797468356,38.734177215189874,41530.86380000005,4.964283561706543,0.027848101265822787,33.139493670886075,Egibacter rhizosphaerae,1,0,0,1,1,1,0,1,1,2.2047650814056396,7.329492767657651,35.36606646069216,35.537615393980566,40.0,25.0,7.5,0.0,5.0,0.0,7.5,0.0,2.5,2.5,2.5,2.5,5.0,7.5,7.5,2.5,2.5,0.0,17.5,0.0,2.5,10.0,47.5,3957.58
